Temperature,Pressure,Density,SpecificVolume,InternalEnergy,Enthalpy,Entropy,Cv,Cp,SpeedSound,JT,Viscosity,ThermalConductivity
19,0.01,0.066057,15.138,746.14,897.53,7.8317,1.6941,2.2129,444.64,4.5691,1.10E-05,0.033404
19,0.02,0.13214,7.5678,746.07,897.43,7.4722,1.6942,2.2135,444.6,4.5686,1.10E-05,0.033412
19,0.03,0.19824,5.0443,746,897.32,7.2618,1.6943,2.2141,444.57,4.5681,1.10E-05,0.03342
19,0.04,0.26438,3.7825,745.92,897.22,7.1125,1.6944,2.2147,444.53,4.5676,1.10E-05,0.033427
19,0.05,0.33053,3.0254,745.85,897.12,6.9966,1.6945,2.2153,444.5,4.567,1.10E-05,0.033434
19,0.06,0.39671,2.5207,745.78,897.02,6.9018,1.6946,2.2159,444.46,4.5665,1.10E-05,0.033441
19,0.07,0.46292,2.1602,745.7,896.92,6.8217,1.6948,2.2165,444.42,4.566,1.10E-05,0.033448
19,0.08,0.52915,1.8898,745.63,896.82,6.7522,1.6949,2.2171,444.39,4.5655,1.10E-05,0.033455
19,0.09,0.5954,1.6795,745.56,896.72,6.6909,1.695,2.2177,444.35,4.565,1.10E-05,0.033462
19,0.1,0.66168,1.5113,745.49,896.62,6.6361,1.6951,2.2184,444.32,4.5644,1.10E-05,0.033469
19,0.11,0.72798,1.3737,745.41,896.51,6.5864,1.6952,2.219,444.28,4.5639,1.10E-05,0.033476
19,0.12,0.79431,1.259,745.34,896.41,6.5411,1.6953,2.2196,444.25,4.5634,1.10E-05,0.033483
19,0.13,0.86066,1.1619,745.27,896.31,6.4994,1.6954,2.2202,444.21,4.5629,1.10E-05,0.03349
19,0.14,0.92704,1.0787,745.19,896.21,6.4607,1.6955,2.2208,444.18,4.5623,1.10E-05,0.033496
19,0.15,0.99344,1.0066,745.12,896.11,6.4247,1.6956,2.2214,444.14,4.5618,1.10E-05,0.033503
19,0.16,1.0599,0.94351,745.05,896.01,6.391,1.6957,2.222,444.1,4.5613,1.10E-05,0.03351
19,0.17,1.1263,0.88784,744.97,895.91,6.3593,1.6958,2.2226,444.07,4.5608,1.10E-05,0.033517
19,0.18,1.1928,0.83836,744.9,895.81,6.3295,1.6959,2.2233,444.03,4.5602,1.10E-05,0.033524
19,0.19,1.2593,0.79409,744.83,895.7,6.3012,1.696,2.2239,444,4.5597,1.10E-05,0.03353
19,0.2,1.3258,0.75425,744.75,895.6,6.2743,1.6961,2.2245,443.96,4.5592,1.10E-05,0.033537
19,0.21,1.3924,0.7182,744.68,895.5,6.2488,1.6962,2.2251,443.93,4.5586,1.10E-05,0.033544
19,0.22,1.459,0.68542,744.61,895.4,6.2244,1.6964,2.2257,443.89,4.5581,1.10E-05,0.033551
19,0.23,1.5256,0.6555,744.53,895.3,6.2012,1.6965,2.2263,443.86,4.5576,1.10E-05,0.033558
19,0.24,1.5922,0.62807,744.46,895.2,6.1789,1.6966,2.227,443.82,4.557,1.10E-05,0.033564
19,0.25,1.6588,0.60283,744.39,895.1,6.1574,1.6967,2.2276,443.79,4.5565,1.10E-05,0.033571
19,0.26,1.7255,0.57954,744.31,894.99,6.1369,1.6968,2.2282,443.75,4.556,1.10E-05,0.033578
19,0.27,1.7922,0.55797,744.24,894.89,6.1171,1.6969,2.2288,443.72,4.5554,1.10E-05,0.033585
19,0.28,1.8589,0.53794,744.17,894.79,6.098,1.697,2.2294,443.68,4.5549,1.10E-05,0.033591
19,0.29,1.9257,0.5193,744.09,894.69,6.0795,1.6971,2.23,443.65,4.5544,1.10E-05,0.033598
19,0.3,1.9925,0.50189,744.02,894.59,6.0617,1.6972,2.2307,443.61,4.5538,1.10E-05,0.033605
19,0.31,2.0593,0.48561,743.95,894.49,6.0444,1.6973,2.2313,443.58,4.5533,1.10E-05,0.033612
19,0.32,2.1261,0.47035,743.87,894.38,6.0277,1.6974,2.2319,443.54,4.5527,1.10E-05,0.033618
19,0.33,2.1929,0.45601,743.8,894.28,6.0115,1.6975,2.2325,443.51,4.5522,1.10E-05,0.033625
19,0.34,2.2598,0.44252,743.73,894.18,5.9958,1.6976,2.2332,443.47,4.5517,1.10E-05,0.033632
19,0.35,2.3267,0.42979,743.65,894.08,5.9805,1.6977,2.2338,443.44,4.5511,1.10E-05,0.033639
19,0.36,2.3936,0.41778,743.58,893.98,5.9657,1.6978,2.2344,443.4,4.5506,1.10E-05,0.033645
19,0.37,2.4606,0.40641,743.51,893.88,5.9512,1.698,2.235,443.37,4.55,1.10E-05,0.033652
19,0.38,2.5276,0.39564,743.43,893.77,5.9372,1.6981,2.2357,443.33,4.5495,1.10E-05,0.033659
19,0.39,2.5946,0.38542,743.36,893.67,5.9235,1.6982,2.2363,443.3,4.5489,1.10E-05,0.033666
19,0.4,2.6616,0.37572,743.28,893.57,5.9101,1.6983,2.2369,443.26,4.5484,1.10E-05,0.033673
19,0.41,2.7286,0.36648,743.21,893.47,5.897,1.6984,2.2375,443.23,4.5478,1.10E-05,0.033679
19,0.42,2.7957,0.35769,743.14,893.37,5.8843,1.6985,2.2382,443.19,4.5473,1.10E-05,0.033686
19,0.43,2.8628,0.34931,743.06,893.27,5.8718,1.6986,2.2388,443.16,4.5467,1.10E-05,0.033693
19,0.44,2.9299,0.34131,742.99,893.16,5.8597,1.6987,2.2394,443.13,4.5462,1.10E-05,0.0337
19,0.45,2.9971,0.33366,742.92,893.06,5.8478,1.6988,2.24,443.09,4.5456,1.10E-05,0.033707
19,0.46,3.0643,0.32634,742.84,892.96,5.8361,1.6989,2.2407,443.06,4.5451,1.10E-05,0.033713
19,0.47,3.1315,0.31934,742.77,892.86,5.8247,1.699,2.2413,443.02,4.5445,1.10E-05,0.03372
19,0.48,3.1987,0.31263,742.69,892.76,5.8136,1.6991,2.2419,442.99,4.544,1.10E-05,0.033727
19,0.49,3.2659,0.30619,742.62,892.65,5.8026,1.6992,2.2426,442.95,4.5434,1.10E-05,0.033734
19,0.5,3.3332,0.30001,742.55,892.55,5.7919,1.6993,2.2432,442.92,4.5428,1.10E-05,0.033741
19,0.51,3.4005,0.29407,742.47,892.45,5.7814,1.6995,2.2438,442.88,4.5423,1.10E-05,0.033748
19,0.52,3.4678,0.28836,742.4,892.35,5.7711,1.6996,2.2445,442.85,4.5417,1.10E-05,0.033754
19,0.53,3.5352,0.28287,742.33,892.25,5.761,1.6997,2.2451,442.82,4.5412,1.10E-05,0.033761
19,0.54,3.6026,0.27758,742.25,892.14,5.751,1.6998,2.2457,442.78,4.5406,1.10E-05,0.033768
19,0.55,3.67,0.27248,742.18,892.04,5.7413,1.6999,2.2464,442.75,4.5401,1.11E-05,0.033775
19,0.56,3.7374,0.26757,742.1,891.94,5.7317,1.7,2.247,442.71,4.5395,1.11E-05,0.033782
19,0.57,3.8048,0.26282,742.03,891.84,5.7222,1.7001,2.2476,442.68,4.5389,1.11E-05,0.033789
19,0.58,3.8723,0.25824,741.96,891.74,5.713,1.7002,2.2483,442.65,4.5384,1.11E-05,0.033796
19,0.59,3.9398,0.25382,741.88,891.63,5.7039,1.7003,2.2489,442.61,4.5378,1.11E-05,0.033802
19,0.6,4.0073,0.24954,741.81,891.53,5.6949,1.7004,2.2495,442.58,4.5372,1.11E-05,0.033809
19,0.61,4.0749,0.24541,741.73,891.43,5.6861,1.7005,2.2502,442.54,4.5367,1.11E-05,0.033816
19,0.62,4.1425,0.2414,741.66,891.33,5.6774,1.7006,2.2508,442.51,4.5361,1.11E-05,0.033823
19,0.63,4.2101,0.23753,741.59,891.23,5.6688,1.7007,2.2514,442.48,4.5355,1.11E-05,0.03383
19,0.64,4.2777,0.23377,741.51,891.12,5.6604,1.7009,2.2521,442.44,4.535,1.11E-05,0.033837
19,0.65,4.3453,0.23013,741.44,891.02,5.6521,1.701,2.2527,442.41,4.5344,1.11E-05,0.033844
19,0.66,4.413,0.2266,741.36,890.92,5.644,1.7011,2.2534,442.37,4.5338,1.11E-05,0.033851
19,0.67,4.4807,0.22318,741.29,890.82,5.6359,1.7012,2.254,442.34,4.5332,1.11E-05,0.033858
19,0.68,4.5485,0.21985,741.21,890.72,5.628,1.7013,2.2546,442.31,4.5327,1.11E-05,0.033864
19,0.69,4.6162,0.21663,741.14,890.61,5.6202,1.7014,2.2553,442.27,4.5321,1.11E-05,0.033871
19,0.7,4.684,0.21349,741.07,890.51,5.6125,1.7015,2.2559,442.24,4.5315,1.11E-05,0.033878
19,0.71,4.7518,0.21045,740.99,890.41,5.6049,1.7016,2.2566,442.21,4.5309,1.11E-05,0.033885
19,0.72,4.8196,0.20749,740.92,890.31,5.5974,1.7017,2.2572,442.17,4.5304,1.11E-05,0.033892
19,0.73,4.8875,0.2046,740.84,890.2,5.59,1.7018,2.2579,442.14,4.5298,1.11E-05,0.033899
19,0.74,4.9554,0.2018,740.77,890.1,5.5827,1.7019,2.2585,442.11,4.5292,1.11E-05,0.033906
19,0.75,5.0233,0.19907,740.69,890,5.5754,1.702,2.2591,442.07,4.5286,1.11E-05,0.033913
19,0.76,5.0912,0.19642,740.62,889.9,5.5683,1.7021,2.2598,442.04,4.528,1.11E-05,0.03392
19,0.77,5.1592,0.19383,740.55,889.8,5.5613,1.7023,2.2604,442.01,4.5275,1.11E-05,0.033927
19,0.78,5.2271,0.19131,740.47,889.69,5.5544,1.7024,2.2611,441.97,4.5269,1.11E-05,0.033934
19,0.79,5.2951,0.18885,740.4,889.59,5.5475,1.7025,2.2617,441.94,4.5263,1.11E-05,0.033941
19,0.8,5.3632,0.18646,740.32,889.49,5.5407,1.7026,2.2624,441.91,4.5257,1.11E-05,0.033948
19,0.81,5.4312,0.18412,740.25,889.39,5.534,1.7027,2.263,441.87,4.5251,1.11E-05,0.033955
19,0.82,5.4993,0.18184,740.17,889.28,5.5274,1.7028,2.2637,441.84,4.5245,1.11E-05,0.033962
19,0.83,5.5674,0.17962,740.1,889.18,5.5209,1.7029,2.2643,441.81,4.524,1.11E-05,0.033969
19,0.84,5.6356,0.17744,740.03,889.08,5.5144,1.703,2.265,441.77,4.5234,1.11E-05,0.033976
19,0.85,5.7037,0.17532,739.95,888.98,5.508,1.7031,2.2656,441.74,4.5228,1.11E-05,0.033983
19,0.86,5.7719,0.17325,739.88,888.87,5.5017,1.7032,2.2663,441.71,4.5222,1.11E-05,0.03399
19,0.87,5.8401,0.17123,739.8,888.77,5.4955,1.7033,2.2669,441.67,4.5216,1.11E-05,0.033997
19,0.88,5.9083,0.16925,739.73,888.67,5.4893,1.7034,2.2676,441.64,4.521,1.11E-05,0.034004
19,0.89,5.9766,0.16732,739.65,888.57,5.4832,1.7035,2.2682,441.61,4.5204,1.11E-05,0.034011
19,0.9,6.0449,0.16543,739.58,888.46,5.4771,1.7037,2.2689,441.58,4.5198,1.11E-05,0.034018
19,0.91,6.1132,0.16358,739.5,888.36,5.4711,1.7038,2.2695,441.54,4.5192,1.11E-05,0.034025
19,0.92,6.1815,0.16177,739.43,888.26,5.4652,1.7039,2.2702,441.51,4.5186,1.11E-05,0.034032
19,0.93,6.2499,0.16,739.35,888.16,5.4594,1.704,2.2708,441.48,4.518,1.11E-05,0.034039
19,0.94,6.3183,0.15827,739.28,888.05,5.4536,1.7041,2.2715,441.44,4.5174,1.11E-05,0.034046
19,0.95,6.3867,0.15658,739.2,887.95,5.4478,1.7042,2.2721,441.41,4.5168,1.11E-05,0.034053
19,0.96,6.4552,0.15492,739.13,887.85,5.4422,1.7043,2.2728,441.38,4.5162,1.11E-05,0.034061
19,0.97,6.5236,0.15329,739.05,887.75,5.4365,1.7044,2.2735,441.35,4.5156,1.11E-05,0.034068
19,0.98,6.5921,0.1517,738.98,887.64,5.431,1.7045,2.2741,441.31,4.515,1.11E-05,0.034075
19,0.99,6.6606,0.15014,738.91,887.54,5.4254,1.7046,2.2748,441.28,4.5144,1.11E-05,0.034082
19,1,6.7292,0.14861,738.83,887.44,5.42,1.7047,2.2754,441.25,4.5138,1.11E-05,0.034089
20,0.01,0.065831,15.19,747.84,899.74,7.8393,1.6963,2.2151,445.33,4.5373,1.10E-05,0.033542
20,0.02,0.13169,7.5938,747.76,899.64,7.4798,1.6964,2.2157,445.3,4.5368,1.10E-05,0.033549
20,0.03,0.19757,5.0616,747.69,899.54,7.2694,1.6965,2.2163,445.26,4.5363,1.10E-05,0.033557
20,0.04,0.26347,3.7955,747.62,899.44,7.12,1.6966,2.2169,445.23,4.5358,1.10E-05,0.033564
20,0.05,0.3294,3.0358,747.55,899.34,7.0041,1.6967,2.2175,445.19,4.5352,1.10E-05,0.033571
20,0.06,0.39535,2.5294,747.47,899.24,6.9094,1.6969,2.2181,445.16,4.5347,1.10E-05,0.033578
20,0.07,0.46133,2.1676,747.4,899.14,6.8293,1.697,2.2187,445.12,4.5342,1.10E-05,0.033585
20,0.08,0.52733,1.8963,747.33,899.04,6.7598,1.6971,2.2193,445.09,4.5337,1.10E-05,0.033592
20,0.09,0.59336,1.6853,747.26,898.94,6.6985,1.6972,2.2199,445.05,4.5331,1.10E-05,0.033599
20,0.1,0.65941,1.5165,747.18,898.84,6.6437,1.6973,2.2205,445.02,4.5326,1.10E-05,0.033606
20,0.11,0.72548,1.3784,747.11,898.73,6.594,1.6974,2.2211,444.98,4.5321,1.10E-05,0.033613
20,0.12,0.79158,1.2633,747.04,898.63,6.5487,1.6975,2.2217,444.95,4.5316,1.10E-05,0.03362
20,0.13,0.8577,1.1659,746.97,898.53,6.507,1.6976,2.2223,444.91,4.531,1.10E-05,0.033626
20,0.14,0.92385,1.0824,746.89,898.43,6.4683,1.6977,2.2229,444.88,4.5305,1.10E-05,0.033633
20,0.15,0.99002,1.0101,746.82,898.33,6.4323,1.6978,2.2235,444.84,4.53,1.10E-05,0.03364
20,0.16,1.0562,0.94678,746.75,898.23,6.3986,1.6979,2.2242,444.81,4.5295,1.10E-05,0.033647
20,0.17,1.1224,0.89092,746.67,898.13,6.3669,1.698,2.2248,444.77,4.5289,1.10E-05,0.033654
20,0.18,1.1887,0.84127,746.6,898.03,6.3371,1.6981,2.2254,444.74,4.5284,1.10E-05,0.03366
20,0.19,1.255,0.79684,746.53,897.93,6.3088,1.6982,2.226,444.7,4.5279,1.10E-05,0.033667
20,0.2,1.3212,0.75686,746.46,897.83,6.282,1.6983,2.2266,444.67,4.5273,1.10E-05,0.033674
20,0.21,1.3876,0.72069,746.38,897.73,6.2564,1.6984,2.2272,444.63,4.5268,1.10E-05,0.033681
20,0.22,1.4539,0.6878,746.31,897.63,6.2321,1.6985,2.2278,444.6,4.5263,1.10E-05,0.033687
20,0.23,1.5203,0.65778,746.24,897.53,6.2088,1.6986,2.2284,444.56,4.5257,1.10E-05,0.033694
20,0.24,1.5867,0.63025,746.16,897.42,6.1865,1.6988,2.229,444.53,4.5252,1.10E-05,0.033701
20,0.25,1.6531,0.60493,746.09,897.32,6.1651,1.6989,2.2297,444.49,4.5247,1.10E-05,0.033707
20,0.26,1.7195,0.58156,746.02,897.22,6.1445,1.699,2.2303,444.46,4.5241,1.10E-05,0.033714
20,0.27,1.786,0.55992,745.94,897.12,6.1247,1.6991,2.2309,444.42,4.5236,1.10E-05,0.033721
20,0.28,1.8525,0.53982,745.87,897.02,6.1056,1.6992,2.2315,444.39,4.523,1.10E-05,0.033728
20,0.29,1.919,0.52111,745.8,896.92,6.0871,1.6993,2.2321,444.35,4.5225,1.10E-05,0.033734
20,0.3,1.9855,0.50365,745.73,896.82,6.0693,1.6994,2.2327,444.32,4.522,1.10E-05,0.033741
20,0.31,2.0521,0.48731,745.65,896.72,6.0521,1.6995,2.2333,444.29,4.5214,1.11E-05,0.033748
20,0.32,2.1187,0.47199,745.58,896.62,6.0354,1.6996,2.234,444.25,4.5209,1.11E-05,0.033755
20,0.33,2.1853,0.45761,745.51,896.52,6.0192,1.6997,2.2346,444.22,4.5203,1.11E-05,0.033761
20,0.34,2.2519,0.44406,745.43,896.42,6.0035,1.6998,2.2352,444.18,4.5198,1.11E-05,0.033768
20,0.35,2.3186,0.4313,745.36,896.31,5.9882,1.6999,2.2358,444.15,4.5192,1.11E-05,0.033775
20,0.36,2.3853,0.41924,745.29,896.21,5.9733,1.7,2.2364,444.11,4.5187,1.11E-05,0.033782
20,0.37,2.452,0.40783,745.21,896.11,5.9589,1.7001,2.237,444.08,4.5181,1.11E-05,0.033788
20,0.38,2.5187,0.39703,745.14,896.01,5.9448,1.7002,2.2377,444.05,4.5176,1.11E-05,0.033795
20,0.39,2.5855,0.38678,745.07,895.91,5.9311,1.7003,2.2383,444.01,4.517,1.11E-05,0.033802
20,0.4,2.6523,0.37704,744.99,895.81,5.9177,1.7004,2.2389,443.98,4.5165,1.11E-05,0.033809
20,0.41,2.7191,0.36777,744.92,895.71,5.9047,1.7006,2.2395,443.94,4.5159,1.11E-05,0.033815
20,0.42,2.7859,0.35895,744.85,895.61,5.8919,1.7007,2.2401,443.91,4.5154,1.11E-05,0.033822
20,0.43,2.8528,0.35054,744.77,895.51,5.8795,1.7008,2.2408,443.87,4.5148,1.11E-05,0.033829
20,0.44,2.9196,0.34251,744.7,895.4,5.8673,1.7009,2.2414,443.84,4.5143,1.11E-05,0.033836
20,0.45,2.9865,0.33484,744.63,895.3,5.8554,1.701,2.242,443.81,4.5137,1.11E-05,0.033843
20,0.46,3.0535,0.3275,744.55,895.2,5.8438,1.7011,2.2426,443.77,4.5132,1.11E-05,0.033849
20,0.47,3.1204,0.32047,744.48,895.1,5.8324,1.7012,2.2433,443.74,4.5126,1.11E-05,0.033856
20,0.48,3.1874,0.31373,744.41,895,5.8212,1.7013,2.2439,443.71,4.5121,1.11E-05,0.033863
20,0.49,3.2544,0.30727,744.33,894.9,5.8103,1.7014,2.2445,443.67,4.5115,1.11E-05,0.03387
20,0.5,3.3214,0.30107,744.26,894.8,5.7996,1.7015,2.2451,443.64,4.5109,1.11E-05,0.033876
20,0.51,3.3885,0.29512,744.19,894.7,5.7891,1.7016,2.2458,443.6,4.5104,1.11E-05,0.033883
20,0.52,3.4556,0.28939,744.11,894.59,5.7788,1.7017,2.2464,443.57,4.5098,1.11E-05,0.03389
20,0.53,3.5227,0.28387,744.04,894.49,5.7686,1.7018,2.247,443.54,4.5093,1.11E-05,0.033897
20,0.54,3.5898,0.27857,743.97,894.39,5.7587,1.7019,2.2476,443.5,4.5087,1.11E-05,0.033904
20,0.55,3.657,0.27345,743.89,894.29,5.7489,1.702,2.2483,443.47,4.5081,1.11E-05,0.033911
20,0.56,3.7241,0.26852,743.82,894.19,5.7393,1.7021,2.2489,443.44,4.5076,1.11E-05,0.033917
20,0.57,3.7914,0.26376,743.75,894.09,5.7299,1.7023,2.2495,443.4,4.507,1.11E-05,0.033924
20,0.58,3.8586,0.25916,743.67,893.99,5.7207,1.7024,2.2502,443.37,4.5064,1.11E-05,0.033931
20,0.59,3.9258,0.25472,743.6,893.88,5.7115,1.7025,2.2508,443.34,4.5059,1.11E-05,0.033938
20,0.6,3.9931,0.25043,743.52,893.78,5.7026,1.7026,2.2514,443.3,4.5053,1.11E-05,0.033945
20,0.61,4.0604,0.24628,743.45,893.68,5.6938,1.7027,2.252,443.27,4.5047,1.11E-05,0.033952
20,0.62,4.1277,0.24226,743.38,893.58,5.6851,1.7028,2.2527,443.24,4.5042,1.11E-05,0.033958
20,0.63,4.1951,0.23837,743.3,893.48,5.6765,1.7029,2.2533,443.2,4.5036,1.11E-05,0.033965
20,0.64,4.2625,0.23461,743.23,893.38,5.6681,1.703,2.2539,443.17,4.503,1.11E-05,0.033972
20,0.65,4.3299,0.23095,743.16,893.28,5.6598,1.7031,2.2546,443.14,4.5024,1.11E-05,0.033979
20,0.66,4.3973,0.22741,743.08,893.17,5.6517,1.7032,2.2552,443.1,4.5019,1.11E-05,0.033986
20,0.67,4.4647,0.22398,743.01,893.07,5.6436,1.7033,2.2558,443.07,4.5013,1.11E-05,0.033993
20,0.68,4.5322,0.22064,742.93,892.97,5.6357,1.7034,2.2565,443.04,4.5007,1.11E-05,0.034
20,0.69,4.5997,0.2174,742.86,892.87,5.6279,1.7035,2.2571,443,4.5001,1.11E-05,0.034007
20,0.7,4.6673,0.21426,742.79,892.77,5.6202,1.7036,2.2577,442.97,4.4996,1.11E-05,0.034014
20,0.71,4.7348,0.2112,742.71,892.67,5.6126,1.7037,2.2584,442.94,4.499,1.11E-05,0.03402
20,0.72,4.8024,0.20823,742.64,892.57,5.6051,1.7038,2.259,442.9,4.4984,1.11E-05,0.034027
20,0.73,4.87,0.20534,742.57,892.46,5.5977,1.704,2.2597,442.87,4.4978,1.11E-05,0.034034
20,0.74,4.9376,0.20253,742.49,892.36,5.5904,1.7041,2.2603,442.84,4.4972,1.11E-05,0.034041
20,0.75,5.0053,0.19979,742.42,892.26,5.5832,1.7042,2.2609,442.81,4.4967,1.11E-05,0.034048
20,0.76,5.0729,0.19712,742.34,892.16,5.576,1.7043,2.2616,442.77,4.4961,1.11E-05,0.034055
20,0.77,5.1406,0.19453,742.27,892.06,5.569,1.7044,2.2622,442.74,4.4955,1.11E-05,0.034062
20,0.78,5.2084,0.192,742.2,891.96,5.5621,1.7045,2.2628,442.71,4.4949,1.11E-05,0.034069
20,0.79,5.2761,0.18953,742.12,891.85,5.5552,1.7046,2.2635,442.67,4.4943,1.11E-05,0.034076
20,0.8,5.3439,0.18713,742.05,891.75,5.5485,1.7047,2.2641,442.64,4.4937,1.11E-05,0.034083
20,0.81,5.4117,0.18479,741.97,891.65,5.5418,1.7048,2.2648,442.61,4.4932,1.11E-05,0.03409
20,0.82,5.4795,0.1825,741.9,891.55,5.5352,1.7049,2.2654,442.58,4.4926,1.11E-05,0.034097
20,0.83,5.5474,0.18027,741.83,891.45,5.5286,1.705,2.2661,442.54,4.492,1.11E-05,0.034104
20,0.84,5.6152,0.17809,741.75,891.34,5.5222,1.7051,2.2667,442.51,4.4914,1.11E-05,0.034111
20,0.85,5.6831,0.17596,741.68,891.24,5.5158,1.7052,2.2673,442.48,4.4908,1.11E-05,0.034118
20,0.86,5.7511,0.17388,741.6,891.14,5.5095,1.7053,2.268,442.45,4.4902,1.11E-05,0.034125
20,0.87,5.819,0.17185,741.53,891.04,5.5032,1.7054,2.2686,442.41,4.4896,1.11E-05,0.034132
20,0.88,5.887,0.16987,741.45,890.94,5.497,1.7056,2.2693,442.38,4.489,1.11E-05,0.034139
20,0.89,5.955,0.16793,741.38,890.84,5.4909,1.7057,2.2699,442.35,4.4884,1.11E-05,0.034146
20,0.9,6.023,0.16603,741.31,890.73,5.4849,1.7058,2.2706,442.32,4.4878,1.11E-05,0.034153
20,0.91,6.0911,0.16418,741.23,890.63,5.4789,1.7059,2.2712,442.28,4.4872,1.11E-05,0.03416
20,0.92,6.1591,0.16236,741.16,890.53,5.473,1.706,2.2719,442.25,4.4866,1.11E-05,0.034167
20,0.93,6.2272,0.16059,741.08,890.43,5.4671,1.7061,2.2725,442.22,4.486,1.11E-05,0.034174
20,0.94,6.2954,0.15885,741.01,890.33,5.4613,1.7062,2.2732,442.19,4.4854,1.11E-05,0.034181
20,0.95,6.3635,0.15715,740.93,890.22,5.4556,1.7063,2.2738,442.16,4.4848,1.11E-05,0.034188
20,0.96,6.4317,0.15548,740.86,890.12,5.4499,1.7064,2.2745,442.12,4.4842,1.11E-05,0.034195
20,0.97,6.4999,0.15385,740.79,890.02,5.4443,1.7065,2.2751,442.09,4.4836,1.11E-05,0.034202
20,0.98,6.5681,0.15225,740.71,889.92,5.4387,1.7066,2.2758,442.06,4.483,1.11E-05,0.034209
20,0.99,6.6364,0.15069,740.64,889.82,5.4332,1.7067,2.2764,442.03,4.4824,1.11E-05,0.034216
20,1,6.7046,0.14915,740.56,889.71,5.4278,1.7068,2.2771,441.99,4.4818,1.11E-05,0.034223
21,0.01,0.065608,15.242,749.54,901.96,7.8468,1.6986,2.2173,446.02,4.5058,1.10E-05,0.033679
21,0.02,0.13124,7.6197,749.46,901.86,7.4873,1.6987,2.2179,445.99,4.5053,1.10E-05,0.033687
21,0.03,0.19689,5.0789,749.39,901.76,7.2769,1.6988,2.2185,445.95,4.5047,1.10E-05,0.033694
21,0.04,0.26257,3.8085,749.32,901.66,7.1276,1.6989,2.2191,445.92,4.5042,1.10E-05,0.033701
21,0.05,0.32828,3.0462,749.25,901.56,7.0117,1.699,2.2197,445.88,4.5037,1.11E-05,0.033709
21,0.06,0.394,2.5381,749.17,901.46,6.917,1.6991,2.2203,445.85,4.5032,1.11E-05,0.033716
21,0.07,0.45975,2.1751,749.1,901.36,6.8368,1.6992,2.2209,445.81,4.5027,1.11E-05,0.033723
21,0.08,0.52553,1.9028,749.03,901.26,6.7674,1.6993,2.2215,445.78,4.5021,1.11E-05,0.033729
21,0.09,0.59133,1.6911,748.96,901.16,6.7061,1.6994,2.2221,445.75,4.5016,1.11E-05,0.033736
21,0.1,0.65715,1.5217,748.88,901.06,6.6512,1.6995,2.2227,445.71,4.5011,1.11E-05,0.033743
21,0.11,0.723,1.3831,748.81,900.96,6.6016,1.6996,2.2233,445.68,4.5005,1.11E-05,0.03375
21,0.12,0.78887,1.2676,748.74,900.86,6.5563,1.6997,2.2239,445.64,4.5,1.11E-05,0.033757
21,0.13,0.85476,1.1699,748.67,900.76,6.5145,1.6998,2.2245,445.61,4.4995,1.11E-05,0.033764
21,0.14,0.92068,1.0862,748.6,900.66,6.4759,1.6999,2.2251,445.57,4.499,1.11E-05,0.03377
21,0.15,0.98662,1.0136,748.52,900.56,6.4399,1.7,2.2257,445.54,4.4984,1.11E-05,0.033777
21,0.16,1.0526,0.95004,748.45,900.46,6.4062,1.7001,2.2263,445.5,4.4979,1.11E-05,0.033784
21,0.17,1.1186,0.89399,748.38,900.36,6.3745,1.7002,2.2269,445.47,4.4974,1.11E-05,0.033791
21,0.18,1.1846,0.84417,748.31,900.26,6.3446,1.7003,2.2275,445.44,4.4968,1.11E-05,0.033797
21,0.19,1.2506,0.7996,748.23,900.16,6.3164,1.7004,2.2281,445.4,4.4963,1.11E-05,0.033804
21,0.2,1.3167,0.75948,748.16,900.06,6.2895,1.7005,2.2287,445.37,4.4958,1.11E-05,0.033811
21,0.21,1.3828,0.72318,748.09,899.96,6.264,1.7006,2.2293,445.33,4.4952,1.11E-05,0.033817
21,0.22,1.4489,0.69018,748.02,899.86,6.2396,1.7007,2.2299,445.3,4.4947,1.11E-05,0.033824
21,0.23,1.515,0.66006,747.94,899.76,6.2164,1.7009,2.2305,445.26,4.4941,1.11E-05,0.033831
21,0.24,1.5812,0.63244,747.87,899.65,6.1941,1.701,2.2311,445.23,4.4936,1.11E-05,0.033838
21,0.25,1.6474,0.60703,747.8,899.55,6.1727,1.7011,2.2318,445.2,4.4931,1.11E-05,0.033844
21,0.26,1.7136,0.58358,747.72,899.45,6.1521,1.7012,2.2324,445.16,4.4925,1.11E-05,0.033851
21,0.27,1.7798,0.56186,747.65,899.35,6.1323,1.7013,2.233,445.13,4.492,1.11E-05,0.033858
21,0.28,1.8461,0.54169,747.58,899.25,6.1132,1.7014,2.2336,445.09,4.4914,1.11E-05,0.033864
21,0.29,1.9123,0.52292,747.51,899.15,6.0947,1.7015,2.2342,445.06,4.4909,1.11E-05,0.033871
21,0.3,1.9786,0.5054,747.43,899.05,6.0769,1.7016,2.2348,445.03,4.4904,1.11E-05,0.033878
21,0.31,2.045,0.48901,747.36,898.95,6.0597,1.7017,2.2354,444.99,4.4898,1.11E-05,0.033885
21,0.32,2.1113,0.47364,747.29,898.85,6.043,1.7018,2.236,444.96,4.4893,1.11E-05,0.033891
21,0.33,2.1777,0.4592,747.22,898.75,6.0268,1.7019,2.2366,444.92,4.4887,1.11E-05,0.033898
21,0.34,2.2441,0.44561,747.14,898.65,6.0111,1.702,2.2372,444.89,4.4882,1.11E-05,0.033905
21,0.35,2.3105,0.4328,747.07,898.55,5.9958,1.7021,2.2378,444.86,4.4876,1.11E-05,0.033911
21,0.36,2.377,0.4207,747,898.45,5.981,1.7022,2.2385,444.82,4.4871,1.11E-05,0.033918
21,0.37,2.4434,0.40926,746.92,898.35,5.9665,1.7023,2.2391,444.79,4.4865,1.11E-05,0.033925
21,0.38,2.5099,0.39842,746.85,898.25,5.9524,1.7024,2.2397,444.76,4.486,1.11E-05,0.033932
21,0.39,2.5765,0.38813,746.78,898.15,5.9387,1.7025,2.2403,444.72,4.4854,1.11E-05,0.033938
21,0.4,2.643,0.37836,746.71,898.05,5.9254,1.7026,2.2409,444.69,4.4849,1.11E-05,0.033945
21,0.41,2.7096,0.36906,746.63,897.95,5.9123,1.7027,2.2415,444.66,4.4843,1.11E-05,0.033952
21,0.42,2.7762,0.36021,746.56,897.85,5.8996,1.7028,2.2421,444.62,4.4838,1.11E-05,0.033959
21,0.43,2.8428,0.35177,746.49,897.75,5.8871,1.7029,2.2428,444.59,4.4832,1.11E-05,0.033965
21,0.44,2.9094,0.34371,746.41,897.65,5.875,1.7031,2.2434,444.55,4.4826,1.11E-05,0.033972
21,0.45,2.9761,0.33601,746.34,897.55,5.8631,1.7032,2.244,444.52,4.4821,1.11E-05,0.033979
21,0.46,3.0428,0.32865,746.27,897.45,5.8514,1.7033,2.2446,444.49,4.4815,1.11E-05,0.033986
21,0.47,3.1095,0.3216,746.19,897.34,5.84,1.7034,2.2452,444.45,4.481,1.11E-05,0.033992
21,0.48,3.1762,0.31484,746.12,897.24,5.8289,1.7035,2.2458,444.42,4.4804,1.11E-05,0.033999
21,0.49,3.243,0.30836,746.05,897.14,5.8179,1.7036,2.2465,444.39,4.4799,1.11E-05,0.034006
21,0.5,3.3098,0.30213,745.98,897.04,5.8072,1.7037,2.2471,444.35,4.4793,1.11E-05,0.034013
21,0.51,3.3766,0.29616,745.9,896.94,5.7967,1.7038,2.2477,444.32,4.4787,1.11E-05,0.034019
21,0.52,3.4434,0.29041,745.83,896.84,5.7864,1.7039,2.2483,444.29,4.4782,1.11E-05,0.034026
21,0.53,3.5103,0.28488,745.76,896.74,5.7763,1.704,2.2489,444.26,4.4776,1.11E-05,0.034033
21,0.54,3.5772,0.27955,745.68,896.64,5.7663,1.7041,2.2496,444.22,4.477,1.11E-05,0.03404
21,0.55,3.6441,0.27442,745.61,896.54,5.7566,1.7042,2.2502,444.19,4.4765,1.11E-05,0.034047
21,0.56,3.711,0.26947,745.54,896.44,5.747,1.7043,2.2508,444.16,4.4759,1.11E-05,0.034053
21,0.57,3.778,0.26469,745.46,896.34,5.7376,1.7044,2.2514,444.12,4.4753,1.11E-05,0.03406
21,0.58,3.845,0.26008,745.39,896.24,5.7283,1.7045,2.2521,444.09,4.4748,1.11E-05,0.034067
21,0.59,3.912,0.25563,745.32,896.14,5.7192,1.7046,2.2527,444.06,4.4742,1.11E-05,0.034074
21,0.6,3.979,0.25132,745.24,896.04,5.7103,1.7047,2.2533,444.02,4.4736,1.11E-05,0.034081
21,0.61,4.046,0.24716,745.17,895.93,5.7014,1.7048,2.2539,443.99,4.4731,1.11E-05,0.034087
21,0.62,4.1131,0.24312,745.1,895.83,5.6928,1.7049,2.2546,443.96,4.4725,1.11E-05,0.034094
21,0.63,4.1802,0.23922,745.02,895.73,5.6842,1.705,2.2552,443.93,4.4719,1.11E-05,0.034101
21,0.64,4.2474,0.23544,744.95,895.63,5.6758,1.7052,2.2558,443.89,4.4713,1.11E-05,0.034108
21,0.65,4.3145,0.23178,744.88,895.53,5.6675,1.7053,2.2564,443.86,4.4708,1.11E-05,0.034115
21,0.66,4.3817,0.22822,744.8,895.43,5.6594,1.7054,2.2571,443.83,4.4702,1.11E-05,0.034122
21,0.67,4.4489,0.22478,744.73,895.33,5.6513,1.7055,2.2577,443.79,4.4696,1.11E-05,0.034128
21,0.68,4.5161,0.22143,744.66,895.23,5.6434,1.7056,2.2583,443.76,4.469,1.11E-05,0.034135
21,0.69,4.5834,0.21818,744.58,895.13,5.6356,1.7057,2.259,443.73,4.4685,1.11E-05,0.034142
21,0.7,4.6506,0.21502,744.51,895.03,5.6279,1.7058,2.2596,443.7,4.4679,1.11E-05,0.034149
21,0.71,4.7179,0.21196,744.44,894.93,5.6203,1.7059,2.2602,443.66,4.4673,1.11E-05,0.034156
21,0.72,4.7853,0.20898,744.36,894.82,5.6128,1.706,2.2608,443.63,4.4667,1.11E-05,0.034163
21,0.73,4.8526,0.20607,744.29,894.72,5.6054,1.7061,2.2615,443.6,4.4661,1.11E-05,0.03417
21,0.74,4.92,0.20325,744.22,894.62,5.5981,1.7062,2.2621,443.57,4.4656,1.11E-05,0.034177
21,0.75,4.9874,0.20051,744.14,894.52,5.5909,1.7063,2.2627,443.54,4.465,1.11E-05,0.034183
21,0.76,5.0548,0.19783,744.07,894.42,5.5838,1.7064,2.2634,443.5,4.4644,1.11E-05,0.03419
21,0.77,5.1222,0.19523,744,894.32,5.5767,1.7065,2.264,443.47,4.4638,1.11E-05,0.034197
21,0.78,5.1897,0.19269,743.92,894.22,5.5698,1.7066,2.2646,443.44,4.4632,1.11E-05,0.034204
21,0.79,5.2572,0.19021,743.85,894.12,5.5629,1.7067,2.2653,443.41,4.4626,1.11E-05,0.034211
21,0.8,5.3247,0.1878,743.77,894.02,5.5562,1.7068,2.2659,443.37,4.462,1.12E-05,0.034218
21,0.81,5.3923,0.18545,743.7,893.92,5.5495,1.7069,2.2665,443.34,4.4615,1.12E-05,0.034225
21,0.82,5.4598,0.18316,743.63,893.81,5.5429,1.7071,2.2672,443.31,4.4609,1.12E-05,0.034232
21,0.83,5.5274,0.18092,743.55,893.71,5.5363,1.7072,2.2678,443.28,4.4603,1.12E-05,0.034239
21,0.84,5.5951,0.17873,743.48,893.61,5.5299,1.7073,2.2685,443.25,4.4597,1.12E-05,0.034246
21,0.85,5.6627,0.17659,743.41,893.51,5.5235,1.7074,2.2691,443.21,4.4591,1.12E-05,0.034253
21,0.86,5.7304,0.17451,743.33,893.41,5.5172,1.7075,2.2697,443.18,4.4585,1.12E-05,0.03426
21,0.87,5.7981,0.17247,743.26,893.31,5.5109,1.7076,2.2704,443.15,4.4579,1.12E-05,0.034267
21,0.88,5.8658,0.17048,743.18,893.21,5.5048,1.7077,2.271,443.12,4.4573,1.12E-05,0.034274
21,0.89,5.9335,0.16853,743.11,893.11,5.4987,1.7078,2.2716,443.09,4.4567,1.12E-05,0.034281
21,0.9,6.0013,0.16663,743.04,893,5.4926,1.7079,2.2723,443.05,4.4561,1.12E-05,0.034288
21,0.91,6.0691,0.16477,742.96,892.9,5.4866,1.708,2.2729,443.02,4.4555,1.12E-05,0.034295
21,0.92,6.1369,0.16295,742.89,892.8,5.4807,1.7081,2.2736,442.99,4.4549,1.12E-05,0.034302
21,0.93,6.2047,0.16117,742.82,892.7,5.4749,1.7082,2.2742,442.96,4.4543,1.12E-05,0.034309
21,0.94,6.2726,0.15942,742.74,892.6,5.4691,1.7083,2.2749,442.93,4.4537,1.12E-05,0.034316
21,0.95,6.3405,0.15772,742.67,892.5,5.4633,1.7084,2.2755,442.9,4.4531,1.12E-05,0.034323
21,0.96,6.4084,0.15605,742.59,892.4,5.4577,1.7085,2.2761,442.86,4.4525,1.12E-05,0.03433
21,0.97,6.4763,0.15441,742.52,892.3,5.452,1.7086,2.2768,442.83,4.4519,1.12E-05,0.034337
21,0.98,6.5443,0.1528,742.45,892.19,5.4465,1.7087,2.2774,442.8,4.4513,1.12E-05,0.034344
21,0.99,6.6123,0.15123,742.37,892.09,5.441,1.7088,2.2781,442.77,4.4507,1.12E-05,0.034351
21,1,6.6803,0.14969,742.3,891.99,5.4355,1.709,2.2787,442.74,4.4501,1.12E-05,0.034358
22,0.01,0.065385,15.294,751.24,904.18,7.8543,1.7008,2.2196,446.71,4.4745,1.11E-05,0.033817
22,0.02,0.13079,7.6456,751.16,904.08,7.4949,1.7009,2.2202,446.68,4.474,1.11E-05,0.033825
22,0.03,0.19623,5.0962,751.09,903.98,7.2845,1.701,2.2207,446.64,4.4735,1.11E-05,0.033832
22,0.04,0.26168,3.8214,751.02,903.88,7.1351,1.7011,2.2213,446.61,4.473,1.11E-05,0.033839
22,0.05,0.32716,3.0566,750.95,903.78,7.0192,1.7012,2.2219,446.58,4.4724,1.11E-05,0.033846
22,0.06,0.39266,2.5467,750.88,903.68,6.9245,1.7013,2.2225,446.54,4.4719,1.11E-05,0.033853
22,0.07,0.45819,2.1825,750.8,903.58,6.8444,1.7014,2.2231,446.51,4.4714,1.11E-05,0.03386
22,0.08,0.52374,1.9093,750.73,903.48,6.7749,1.7015,2.2237,446.47,4.4708,1.11E-05,0.033867
22,0.09,0.58931,1.6969,750.66,903.38,6.7136,1.7016,2.2243,446.44,4.4703,1.11E-05,0.033874
22,0.1,0.65491,1.5269,750.59,903.28,6.6588,1.7017,2.2249,446.4,4.4698,1.11E-05,0.033881
22,0.11,0.72053,1.3879,750.52,903.18,6.6091,1.7018,2.2255,446.37,4.4693,1.11E-05,0.033887
22,0.12,0.78617,1.272,750.44,903.08,6.5638,1.7019,2.2261,446.34,4.4687,1.11E-05,0.033894
22,0.13,0.85184,1.1739,750.37,902.98,6.5221,1.702,2.2267,446.3,4.4682,1.11E-05,0.033901
22,0.14,0.91753,1.0899,750.3,902.88,6.4834,1.7021,2.2273,446.27,4.4677,1.11E-05,0.033908
22,0.15,0.98325,1.017,750.23,902.78,6.4474,1.7023,2.2279,446.23,4.4671,1.11E-05,0.033914
22,0.16,1.049,0.9533,750.16,902.68,6.4137,1.7024,2.2285,446.2,4.4666,1.11E-05,0.033921
22,0.17,1.1147,0.89706,750.08,902.58,6.3821,1.7025,2.2291,446.17,4.4661,1.11E-05,0.033928
22,0.18,1.1805,0.84708,750.01,902.48,6.3522,1.7026,2.2297,446.13,4.4655,1.11E-05,0.033935
22,0.19,1.2463,0.80235,749.94,902.39,6.3239,1.7027,2.2303,446.1,4.465,1.11E-05,0.033941
22,0.2,1.3122,0.76209,749.87,902.29,6.2971,1.7028,2.2309,446.07,4.4644,1.11E-05,0.033948
22,0.21,1.378,0.72567,749.79,902.19,6.2716,1.7029,2.2315,446.03,4.4639,1.11E-05,0.033955
22,0.22,1.4439,0.69256,749.72,902.09,6.2472,1.703,2.2321,446,4.4634,1.11E-05,0.033961
22,0.23,1.5098,0.66233,749.65,901.99,6.2239,1.7031,2.2327,445.96,4.4628,1.11E-05,0.033968
22,0.24,1.5757,0.63462,749.58,901.89,6.2016,1.7032,2.2333,445.93,4.4623,1.11E-05,0.033975
22,0.25,1.6417,0.60913,749.51,901.79,6.1802,1.7033,2.2339,445.9,4.4617,1.11E-05,0.033981
22,0.26,1.7077,0.58559,749.43,901.69,6.1597,1.7034,2.2345,445.86,4.4612,1.11E-05,0.033988
22,0.27,1.7737,0.5638,749.36,901.59,6.1399,1.7035,2.2351,445.83,4.4607,1.11E-05,0.033995
22,0.28,1.8397,0.54357,749.29,901.49,6.1208,1.7036,2.2357,445.8,4.4601,1.11E-05,0.034001
22,0.29,1.9057,0.52473,749.22,901.39,6.1023,1.7037,2.2363,445.76,4.4596,1.11E-05,0.034008
22,0.3,1.9718,0.50715,749.14,901.29,6.0845,1.7038,2.2369,445.73,4.459,1.11E-05,0.034015
22,0.31,2.0379,0.4907,749.07,901.19,6.0673,1.7039,2.2375,445.7,4.4585,1.11E-05,0.034021
22,0.32,2.104,0.47528,749,901.09,6.0506,1.704,2.2381,445.66,4.4579,1.11E-05,0.034028
22,0.33,2.1702,0.4608,748.93,900.99,6.0344,1.7041,2.2387,445.63,4.4574,1.11E-05,0.034035
22,0.34,2.2363,0.44716,748.85,900.89,6.0187,1.7042,2.2393,445.6,4.4568,1.11E-05,0.034042
22,0.35,2.3025,0.43431,748.78,900.79,6.0034,1.7043,2.2399,445.56,4.4563,1.11E-05,0.034048
22,0.36,2.3687,0.42217,748.71,900.69,5.9886,1.7044,2.2405,445.53,4.4557,1.11E-05,0.034055
22,0.37,2.435,0.41068,748.64,900.59,5.9741,1.7045,2.2411,445.5,4.4552,1.11E-05,0.034062
22,0.38,2.5012,0.39981,748.56,900.49,5.96,1.7046,2.2417,445.46,4.4546,1.11E-05,0.034068
22,0.39,2.5675,0.38948,748.49,900.39,5.9463,1.7047,2.2423,445.43,4.4541,1.11E-05,0.034075
22,0.4,2.6338,0.37968,748.42,900.29,5.933,1.7048,2.243,445.4,4.4535,1.11E-05,0.034082
22,0.41,2.7001,0.37035,748.35,900.19,5.9199,1.7049,2.2436,445.36,4.453,1.11E-05,0.034088
22,0.42,2.7665,0.36147,748.27,900.09,5.9072,1.705,2.2442,445.33,4.4524,1.11E-05,0.034095
22,0.43,2.8329,0.353,748.2,899.99,5.8947,1.7052,2.2448,445.3,4.4518,1.11E-05,0.034102
22,0.44,2.8993,0.34491,748.13,899.89,5.8826,1.7053,2.2454,445.27,4.4513,1.11E-05,0.034109
22,0.45,2.9657,0.33719,748.06,899.79,5.8707,1.7054,2.246,445.23,4.4507,1.11E-05,0.034115
22,0.46,3.0322,0.3298,747.98,899.69,5.8591,1.7055,2.2466,445.2,4.4502,1.11E-05,0.034122
22,0.47,3.0986,0.32272,747.91,899.59,5.8477,1.7056,2.2472,445.17,4.4496,1.11E-05,0.034129
22,0.48,3.1651,0.31594,747.84,899.49,5.8365,1.7057,2.2478,445.13,4.449,1.11E-05,0.034136
22,0.49,3.2316,0.30944,747.77,899.39,5.8256,1.7058,2.2485,445.1,4.4485,1.11E-05,0.034142
22,0.5,3.2982,0.3032,747.69,899.29,5.8149,1.7059,2.2491,445.07,4.4479,1.11E-05,0.034149
22,0.51,3.3648,0.2972,747.62,899.19,5.8043,1.706,2.2497,445.04,4.4474,1.11E-05,0.034156
22,0.52,3.4314,0.29143,747.55,899.09,5.794,1.7061,2.2503,445,4.4468,1.11E-05,0.034163
22,0.53,3.498,0.28588,747.47,898.99,5.7839,1.7062,2.2509,444.97,4.4462,1.11E-05,0.034169
22,0.54,3.5646,0.28054,747.4,898.89,5.774,1.7063,2.2515,444.94,4.4457,1.11E-05,0.034176
22,0.55,3.6313,0.27538,747.33,898.79,5.7642,1.7064,2.2521,444.91,4.4451,1.11E-05,0.034183
22,0.56,3.698,0.27042,747.26,898.69,5.7546,1.7065,2.2528,444.87,4.4445,1.11E-05,0.03419
22,0.57,3.7647,0.26563,747.18,898.59,5.7452,1.7066,2.2534,444.84,4.4439,1.12E-05,0.034196
22,0.58,3.8314,0.261,747.11,898.49,5.736,1.7067,2.254,444.81,4.4434,1.12E-05,0.034203
22,0.59,3.8982,0.25653,747.04,898.39,5.7269,1.7068,2.2546,444.78,4.4428,1.12E-05,0.03421
22,0.6,3.965,0.25221,746.96,898.29,5.7179,1.7069,2.2552,444.74,4.4422,1.12E-05,0.034217
22,0.61,4.0318,0.24803,746.89,898.19,5.7091,1.707,2.2559,444.71,4.4417,1.12E-05,0.034224
22,0.62,4.0986,0.24398,746.82,898.09,5.7004,1.7071,2.2565,444.68,4.4411,1.12E-05,0.03423
22,0.63,4.1655,0.24007,746.75,897.99,5.6919,1.7072,2.2571,444.65,4.4405,1.12E-05,0.034237
22,0.64,4.2324,0.23628,746.67,897.89,5.6835,1.7073,2.2577,444.61,4.4399,1.12E-05,0.034244
22,0.65,4.2993,0.2326,746.6,897.79,5.6752,1.7074,2.2583,444.58,4.4394,1.12E-05,0.034251
22,0.66,4.3662,0.22903,746.53,897.69,5.667,1.7075,2.259,444.55,4.4388,1.12E-05,0.034258
22,0.67,4.4331,0.22557,746.45,897.59,5.659,1.7076,2.2596,444.52,4.4382,1.12E-05,0.034264
22,0.68,4.5001,0.22222,746.38,897.49,5.6511,1.7077,2.2602,444.49,4.4376,1.12E-05,0.034271
22,0.69,4.5671,0.21896,746.31,897.39,5.6432,1.7079,2.2608,444.45,4.4371,1.12E-05,0.034278
22,0.7,4.6341,0.21579,746.23,897.29,5.6355,1.708,2.2615,444.42,4.4365,1.12E-05,0.034285
22,0.71,4.7012,0.21271,746.16,897.19,5.6279,1.7081,2.2621,444.39,4.4359,1.12E-05,0.034292
22,0.72,4.7683,0.20972,746.09,897.09,5.6204,1.7082,2.2627,444.36,4.4353,1.12E-05,0.034299
22,0.73,4.8354,0.20681,746.02,896.99,5.6131,1.7083,2.2633,444.33,4.4347,1.12E-05,0.034305
22,0.74,4.9025,0.20398,745.94,896.89,5.6058,1.7084,2.264,444.29,4.4341,1.12E-05,0.034312
22,0.75,4.9696,0.20122,745.87,896.79,5.5985,1.7085,2.2646,444.26,4.4336,1.12E-05,0.034319
22,0.76,5.0368,0.19854,745.8,896.69,5.5914,1.7086,2.2652,444.23,4.433,1.12E-05,0.034326
22,0.77,5.104,0.19592,745.72,896.58,5.5844,1.7087,2.2658,444.2,4.4324,1.12E-05,0.034333
22,0.78,5.1712,0.19338,745.65,896.48,5.5775,1.7088,2.2665,444.17,4.4318,1.12E-05,0.03434
22,0.79,5.2385,0.1909,745.58,896.38,5.5706,1.7089,2.2671,444.14,4.4312,1.12E-05,0.034347
22,0.8,5.3057,0.18848,745.5,896.28,5.5639,1.709,2.2677,444.1,4.4306,1.12E-05,0.034354
22,0.81,5.373,0.18612,745.43,896.18,5.5572,1.7091,2.2683,444.07,4.43,1.12E-05,0.034361
22,0.82,5.4403,0.18381,745.36,896.08,5.5506,1.7092,2.269,444.04,4.4294,1.12E-05,0.034367
22,0.83,5.5077,0.18156,745.28,895.98,5.544,1.7093,2.2696,444.01,4.4288,1.12E-05,0.034374
22,0.84,5.575,0.17937,745.21,895.88,5.5376,1.7094,2.2702,443.98,4.4282,1.12E-05,0.034381
22,0.85,5.6424,0.17723,745.14,895.78,5.5312,1.7095,2.2709,443.95,4.4277,1.12E-05,0.034388
22,0.86,5.7098,0.17514,745.06,895.68,5.5249,1.7096,2.2715,443.91,4.4271,1.12E-05,0.034395
22,0.87,5.7773,0.17309,744.99,895.58,5.5187,1.7097,2.2721,443.88,4.4265,1.12E-05,0.034402
22,0.88,5.8447,0.17109,744.92,895.48,5.5125,1.7098,2.2728,443.85,4.4259,1.12E-05,0.034409
22,0.89,5.9122,0.16914,744.84,895.38,5.5064,1.7099,2.2734,443.82,4.4253,1.12E-05,0.034416
22,0.9,5.9797,0.16723,744.77,895.28,5.5003,1.71,2.274,443.79,4.4247,1.12E-05,0.034423
22,0.91,6.0473,0.16536,744.7,895.18,5.4944,1.7101,2.2747,443.76,4.4241,1.12E-05,0.03443
22,0.92,6.1148,0.16354,744.62,895.08,5.4884,1.7103,2.2753,443.73,4.4235,1.12E-05,0.034437
22,0.93,6.1824,0.16175,744.55,894.98,5.4826,1.7104,2.2759,443.7,4.4229,1.12E-05,0.034444
22,0.94,6.25,0.16,744.48,894.88,5.4768,1.7105,2.2766,443.66,4.4223,1.12E-05,0.034451
22,0.95,6.3176,0.15829,744.4,894.77,5.4711,1.7106,2.2772,443.63,4.4217,1.12E-05,0.034458
22,0.96,6.3853,0.15661,744.33,894.67,5.4654,1.7107,2.2778,443.6,4.4211,1.12E-05,0.034465
22,0.97,6.453,0.15497,744.25,894.57,5.4598,1.7108,2.2785,443.57,4.4204,1.12E-05,0.034472
22,0.98,6.5207,0.15336,744.18,894.47,5.4542,1.7109,2.2791,443.54,4.4198,1.12E-05,0.034479
22,0.99,6.5884,0.15178,744.11,894.37,5.4487,1.711,2.2798,443.51,4.4192,1.12E-05,0.034486
22,1,6.6561,0.15024,744.03,894.27,5.4432,1.7111,2.2804,443.48,4.4186,1.12E-05,0.034493
23,0.01,0.065164,15.346,752.94,906.4,7.8619,1.7031,2.2218,447.4,4.4435,1.11E-05,0.033955
23,0.02,0.13035,7.6716,752.87,906.3,7.5024,1.7032,2.2224,447.37,4.443,1.11E-05,0.033963
23,0.03,0.19556,5.1135,752.79,906.2,7.292,1.7033,2.223,447.33,4.4425,1.11E-05,0.03397
23,0.04,0.2608,3.8344,752.72,906.1,7.1427,1.7034,2.2236,447.3,4.4419,1.11E-05,0.033977
23,0.05,0.32605,3.067,752.65,906,7.0268,1.7035,2.2242,447.26,4.4414,1.11E-05,0.033984
23,0.06,0.39133,2.5554,752.58,905.9,6.932,1.7036,2.2248,447.23,4.4409,1.11E-05,0.033991
23,0.07,0.45663,2.1899,752.51,905.8,6.8519,1.7037,2.2253,447.2,4.4403,1.11E-05,0.033998
23,0.08,0.52196,1.9159,752.44,905.7,6.7824,1.7038,2.2259,447.16,4.4398,1.11E-05,0.034005
23,0.09,0.58731,1.7027,752.36,905.61,6.7212,1.7039,2.2265,447.13,4.4393,1.11E-05,0.034012
23,0.1,0.65268,1.5321,752.29,905.51,6.6663,1.704,2.2271,447.1,4.4388,1.11E-05,0.034018
23,0.11,0.71808,1.3926,752.22,905.41,6.6167,1.7041,2.2277,447.06,4.4382,1.11E-05,0.034025
23,0.12,0.7835,1.2763,752.15,905.31,6.5713,1.7042,2.2283,447.03,4.4377,1.11E-05,0.034032
23,0.13,0.84894,1.1779,752.08,905.21,6.5296,1.7043,2.2289,447,4.4372,1.11E-05,0.034039
23,0.14,0.91441,1.0936,752.01,905.11,6.491,1.7044,2.2295,446.96,4.4366,1.11E-05,0.034045
23,0.15,0.97989,1.0205,751.93,905.01,6.455,1.7045,2.2301,446.93,4.4361,1.11E-05,0.034052
23,0.16,1.0454,0.95657,751.86,904.91,6.4213,1.7046,2.2307,446.9,4.4355,1.11E-05,0.034059
23,0.17,1.1109,0.90014,751.79,904.81,6.3896,1.7047,2.2312,446.86,4.435,1.11E-05,0.034065
23,0.18,1.1765,0.84998,751.72,904.72,6.3597,1.7048,2.2318,446.83,4.4345,1.11E-05,0.034072
23,0.19,1.2421,0.8051,751.65,904.62,6.3315,1.7049,2.2324,446.8,4.4339,1.11E-05,0.034079
23,0.2,1.3077,0.76471,751.58,904.52,6.3047,1.705,2.233,446.76,4.4334,1.11E-05,0.034086
23,0.21,1.3733,0.72817,751.5,904.42,6.2791,1.7051,2.2336,446.73,4.4328,1.11E-05,0.034092
23,0.22,1.439,0.69494,751.43,904.32,6.2548,1.7052,2.2342,446.7,4.4323,1.11E-05,0.034099
23,0.23,1.5046,0.66461,751.36,904.22,6.2315,1.7053,2.2348,446.66,4.4318,1.11E-05,0.034105
23,0.24,1.5703,0.63681,751.29,904.12,6.2092,1.7054,2.2354,446.63,4.4312,1.11E-05,0.034112
23,0.25,1.6361,0.61122,751.22,904.02,6.1878,1.7055,2.236,446.6,4.4307,1.11E-05,0.034119
23,0.26,1.7018,0.58761,751.14,903.92,6.1672,1.7056,2.2366,446.56,4.4301,1.11E-05,0.034125
23,0.27,1.7676,0.56575,751.07,903.82,6.1474,1.7057,2.2372,446.53,4.4296,1.11E-05,0.034132
23,0.28,1.8334,0.54545,751,903.73,6.1283,1.7058,2.2378,446.5,4.429,1.11E-05,0.034139
23,0.29,1.8992,0.52654,750.93,903.63,6.1099,1.7059,2.2384,446.47,4.4285,1.11E-05,0.034145
23,0.3,1.965,0.5089,750.86,903.53,6.0921,1.706,2.239,446.43,4.4279,1.11E-05,0.034152
23,0.31,2.0309,0.4924,750.78,903.43,6.0748,1.7061,2.2396,446.4,4.4274,1.11E-05,0.034159
23,0.32,2.0968,0.47693,750.71,903.33,6.0582,1.7062,2.2402,446.37,4.4268,1.11E-05,0.034165
23,0.33,2.1627,0.46239,750.64,903.23,6.042,1.7063,2.2408,446.33,4.4263,1.12E-05,0.034172
23,0.34,2.2286,0.44871,750.57,903.13,6.0262,1.7064,2.2414,446.3,4.4257,1.12E-05,0.034179
23,0.35,2.2946,0.43581,750.5,903.03,6.011,1.7065,2.242,446.27,4.4252,1.12E-05,0.034185
23,0.36,2.3605,0.42363,750.42,902.93,5.9961,1.7067,2.2426,446.24,4.4246,1.12E-05,0.034192
23,0.37,2.4265,0.41211,750.35,902.83,5.9817,1.7068,2.2432,446.2,4.4241,1.12E-05,0.034199
23,0.38,2.4926,0.40119,750.28,902.73,5.9676,1.7069,2.2438,446.17,4.4235,1.12E-05,0.034205
23,0.39,2.5586,0.39084,750.21,902.63,5.9539,1.707,2.2444,446.14,4.423,1.12E-05,0.034212
23,0.4,2.6247,0.381,750.14,902.53,5.9406,1.7071,2.245,446.11,4.4224,1.12E-05,0.034219
23,0.41,2.6908,0.37164,750.06,902.44,5.9275,1.7072,2.2456,446.07,4.4219,1.12E-05,0.034225
23,0.42,2.7569,0.36273,749.99,902.34,5.9148,1.7073,2.2462,446.04,4.4213,1.12E-05,0.034232
23,0.43,2.823,0.35423,749.92,902.24,5.9023,1.7074,2.2468,446.01,4.4207,1.12E-05,0.034239
23,0.44,2.8892,0.34612,749.85,902.14,5.8902,1.7075,2.2474,445.98,4.4202,1.12E-05,0.034246
23,0.45,2.9554,0.33836,749.77,902.04,5.8783,1.7076,2.248,445.94,4.4196,1.12E-05,0.034252
23,0.46,3.0216,0.33095,749.7,901.94,5.8667,1.7077,2.2486,445.91,4.4191,1.12E-05,0.034259
23,0.47,3.0878,0.32385,749.63,901.84,5.8553,1.7078,2.2492,445.88,4.4185,1.12E-05,0.034266
23,0.48,3.1541,0.31705,749.56,901.74,5.8441,1.7079,2.2499,445.85,4.4179,1.12E-05,0.034272
23,0.49,3.2204,0.31052,749.48,901.64,5.8332,1.708,2.2505,445.81,4.4174,1.12E-05,0.034279
23,0.5,3.2867,0.30426,749.41,901.54,5.8225,1.7081,2.2511,445.78,4.4168,1.12E-05,0.034286
23,0.51,3.353,0.29824,749.34,901.44,5.812,1.7082,2.2517,445.75,4.4162,1.12E-05,0.034293
23,0.52,3.4194,0.29245,749.27,901.34,5.8017,1.7083,2.2523,445.72,4.4157,1.12E-05,0.034299
23,0.53,3.4858,0.28688,749.2,901.24,5.7915,1.7084,2.2529,445.69,4.4151,1.12E-05,0.034306
23,0.54,3.5522,0.28152,749.12,901.14,5.7816,1.7085,2.2535,445.65,4.4145,1.12E-05,0.034313
23,0.55,3.6186,0.27635,749.05,901.04,5.7719,1.7086,2.2541,445.62,4.414,1.12E-05,0.034319
23,0.56,3.685,0.27137,748.98,900.94,5.7623,1.7087,2.2547,445.59,4.4134,1.12E-05,0.034326
23,0.57,3.7515,0.26656,748.91,900.84,5.7529,1.7088,2.2553,445.56,4.4128,1.12E-05,0.034333
23,0.58,3.818,0.26192,748.83,900.75,5.7436,1.7089,2.256,445.53,4.4123,1.12E-05,0.03434
23,0.59,3.8845,0.25743,748.76,900.65,5.7345,1.709,2.2566,445.49,4.4117,1.12E-05,0.034346
23,0.6,3.9511,0.2531,748.69,900.55,5.7255,1.7091,2.2572,445.46,4.4111,1.12E-05,0.034353
23,0.61,4.0176,0.2489,748.62,900.45,5.7167,1.7092,2.2578,445.43,4.4105,1.12E-05,0.03436
23,0.62,4.0842,0.24485,748.54,900.35,5.7081,1.7093,2.2584,445.4,4.41,1.12E-05,0.034367
23,0.63,4.1508,0.24092,748.47,900.25,5.6995,1.7094,2.259,445.37,4.4094,1.12E-05,0.034374
23,0.64,4.2175,0.23711,748.4,900.15,5.6911,1.7095,2.2596,445.33,4.4088,1.12E-05,0.03438
23,0.65,4.2841,0.23342,748.33,900.05,5.6828,1.7096,2.2603,445.3,4.4082,1.12E-05,0.034387
23,0.66,4.3508,0.22984,748.25,899.95,5.6747,1.7097,2.2609,445.27,4.4076,1.12E-05,0.034394
23,0.67,4.4175,0.22637,748.18,899.85,5.6666,1.7098,2.2615,445.24,4.4071,1.12E-05,0.034401
23,0.68,4.4842,0.223,748.11,899.75,5.6587,1.7099,2.2621,445.21,4.4065,1.12E-05,0.034408
23,0.69,4.551,0.21973,748.03,899.65,5.6509,1.71,2.2627,445.18,4.4059,1.12E-05,0.034414
23,0.7,4.6178,0.21655,747.96,899.55,5.6432,1.7101,2.2633,445.14,4.4053,1.12E-05,0.034421
23,0.71,4.6846,0.21347,747.89,899.45,5.6356,1.7103,2.264,445.11,4.4047,1.12E-05,0.034428
23,0.72,4.7514,0.21046,747.82,899.35,5.6281,1.7104,2.2646,445.08,4.4042,1.12E-05,0.034435
23,0.73,4.8183,0.20754,747.74,899.25,5.6207,1.7105,2.2652,445.05,4.4036,1.12E-05,0.034442
23,0.74,4.8851,0.2047,747.67,899.15,5.6134,1.7106,2.2658,445.02,4.403,1.12E-05,0.034448
23,0.75,4.952,0.20194,747.6,899.05,5.6062,1.7107,2.2664,444.99,4.4024,1.12E-05,0.034455
23,0.76,5.0189,0.19925,747.52,898.95,5.5991,1.7108,2.2671,444.96,4.4018,1.12E-05,0.034462
23,0.77,5.0859,0.19662,747.45,898.85,5.5921,1.7109,2.2677,444.93,4.4012,1.12E-05,0.034469
23,0.78,5.1529,0.19407,747.38,898.75,5.5851,1.711,2.2683,444.89,4.4006,1.12E-05,0.034476
23,0.79,5.2198,0.19158,747.31,898.65,5.5783,1.7111,2.2689,444.86,4.4,1.12E-05,0.034483
23,0.8,5.2869,0.18915,747.23,898.55,5.5715,1.7112,2.2695,444.83,4.3995,1.12E-05,0.03449
23,0.81,5.3539,0.18678,747.16,898.45,5.5648,1.7113,2.2702,444.8,4.3989,1.12E-05,0.034496
23,0.82,5.421,0.18447,747.09,898.35,5.5582,1.7114,2.2708,444.77,4.3983,1.12E-05,0.034503
23,0.83,5.488,0.18221,747.01,898.25,5.5517,1.7115,2.2714,444.74,4.3977,1.12E-05,0.03451
23,0.84,5.5552,0.18001,746.94,898.15,5.5453,1.7116,2.272,444.71,4.3971,1.12E-05,0.034517
23,0.85,5.6223,0.17786,746.87,898.05,5.5389,1.7117,2.2727,444.68,4.3965,1.12E-05,0.034524
23,0.86,5.6895,0.17576,746.8,897.95,5.5326,1.7118,2.2733,444.65,4.3959,1.12E-05,0.034531
23,0.87,5.7566,0.17371,746.72,897.85,5.5263,1.7119,2.2739,444.61,4.3953,1.12E-05,0.034538
23,0.88,5.8238,0.17171,746.65,897.75,5.5202,1.712,2.2745,444.58,4.3947,1.12E-05,0.034545
23,0.89,5.8911,0.16975,746.58,897.65,5.5141,1.7121,2.2752,444.55,4.3941,1.12E-05,0.034552
23,0.9,5.9583,0.16783,746.5,897.55,5.508,1.7122,2.2758,444.52,4.3935,1.12E-05,0.034559
23,0.91,6.0256,0.16596,746.43,897.45,5.5021,1.7123,2.2764,444.49,4.3929,1.12E-05,0.034566
23,0.92,6.0929,0.16413,746.36,897.35,5.4961,1.7124,2.2771,444.46,4.3923,1.12E-05,0.034572
23,0.93,6.1602,0.16233,746.28,897.25,5.4903,1.7125,2.2777,444.43,4.3917,1.12E-05,0.034579
23,0.94,6.2276,0.16058,746.21,897.15,5.4845,1.7126,2.2783,444.4,4.3911,1.12E-05,0.034586
23,0.95,6.2949,0.15886,746.14,897.05,5.4788,1.7127,2.2789,444.37,4.3905,1.12E-05,0.034593
23,0.96,6.3623,0.15717,746.06,896.95,5.4731,1.7128,2.2796,444.34,4.3899,1.12E-05,0.0346
23,0.97,6.4298,0.15553,745.99,896.85,5.4675,1.7129,2.2802,444.31,4.3893,1.12E-05,0.034607
23,0.98,6.4972,0.15391,745.92,896.75,5.4619,1.713,2.2808,444.28,4.3887,1.12E-05,0.034614
23,0.99,6.5647,0.15233,745.85,896.65,5.4564,1.7131,2.2815,444.25,4.3881,1.12E-05,0.034621
23,1,6.6322,0.15078,745.77,896.55,5.451,1.7132,2.2821,444.22,4.3874,1.12E-05,0.034628
24,0.01,0.064945,15.398,754.64,908.62,7.8693,1.7054,2.2241,448.08,4.4128,1.11E-05,0.034093
24,0.02,0.12991,7.6975,754.57,908.52,7.5099,1.7055,2.2247,448.05,4.4122,1.11E-05,0.034101
24,0.03,0.1949,5.1308,754.5,908.42,7.2995,1.7056,2.2253,448.02,4.4117,1.11E-05,0.034108
24,0.04,0.25992,3.8474,754.43,908.32,7.1501,1.7057,2.2258,447.98,4.4112,1.11E-05,0.034115
24,0.05,0.32495,3.0774,754.36,908.23,7.0343,1.7058,2.2264,447.95,4.4106,1.11E-05,0.034122
24,0.06,0.39001,2.564,754.29,908.13,6.9395,1.7059,2.227,447.92,4.4101,1.11E-05,0.034129
24,0.07,0.45509,2.1974,754.21,908.03,6.8594,1.706,2.2276,447.89,4.4096,1.12E-05,0.034136
24,0.08,0.5202,1.9224,754.14,907.93,6.79,1.7061,2.2282,447.85,4.409,1.12E-05,0.034143
24,0.09,0.58532,1.7085,754.07,907.83,6.7287,1.7062,2.2288,447.82,4.4085,1.12E-05,0.03415
24,0.1,0.65047,1.5373,754,907.74,6.6738,1.7063,2.2293,447.79,4.408,1.12E-05,0.034157
24,0.11,0.71565,1.3973,753.93,907.64,6.6242,1.7064,2.2299,447.75,4.4074,1.12E-05,0.034163
24,0.12,0.78084,1.2807,753.86,907.54,6.5789,1.7065,2.2305,447.72,4.4069,1.12E-05,0.03417
24,0.13,0.84606,1.182,753.79,907.44,6.5371,1.7066,2.2311,447.69,4.4064,1.12E-05,0.034177
24,0.14,0.9113,1.0973,753.72,907.34,6.4985,1.7067,2.2317,447.65,4.4058,1.12E-05,0.034183
24,0.15,0.97656,1.024,753.64,907.24,6.4625,1.7068,2.2323,447.62,4.4053,1.12E-05,0.03419
24,0.16,1.0419,0.95983,753.57,907.15,6.4288,1.7069,2.2329,447.59,4.4048,1.12E-05,0.034197
24,0.17,1.1072,0.90321,753.5,907.05,6.3971,1.707,2.2334,447.56,4.4042,1.12E-05,0.034203
24,0.18,1.1725,0.85288,753.43,906.95,6.3673,1.7071,2.234,447.52,4.4037,1.12E-05,0.03421
24,0.19,1.2378,0.80785,753.36,906.85,6.339,1.7072,2.2346,447.49,4.4031,1.12E-05,0.034217
24,0.2,1.3032,0.76733,753.29,906.75,6.3122,1.7073,2.2352,447.46,4.4026,1.12E-05,0.034223
24,0.21,1.3686,0.73066,753.22,906.65,6.2867,1.7074,2.2358,447.42,4.402,1.12E-05,0.03423
24,0.22,1.4341,0.69732,753.14,906.55,6.2623,1.7075,2.2364,447.39,4.4015,1.12E-05,0.034237
24,0.23,1.4995,0.66689,753.07,906.46,6.239,1.7076,2.237,447.36,4.401,1.12E-05,0.034243
24,0.24,1.565,0.63899,753,906.36,6.2167,1.7077,2.2376,447.33,4.4004,1.12E-05,0.03425
24,0.25,1.6305,0.61332,752.93,906.26,6.1953,1.7078,2.2382,447.29,4.3999,1.12E-05,0.034257
24,0.26,1.696,0.58963,752.86,906.16,6.1748,1.7079,2.2388,447.26,4.3993,1.12E-05,0.034263
24,0.27,1.7615,0.56769,752.79,906.06,6.155,1.708,2.2393,447.23,4.3988,1.12E-05,0.03427
24,0.28,1.8271,0.54732,752.71,905.96,6.1359,1.7081,2.2399,447.2,4.3982,1.12E-05,0.034276
24,0.29,1.8927,0.52835,752.64,905.87,6.1174,1.7082,2.2405,447.16,4.3977,1.12E-05,0.034283
24,0.3,1.9583,0.51065,752.57,905.77,6.0996,1.7083,2.2411,447.13,4.3971,1.12E-05,0.03429
24,0.31,2.0239,0.49409,752.5,905.67,6.0824,1.7084,2.2417,447.1,4.3966,1.12E-05,0.034296
24,0.32,2.0896,0.47857,752.43,905.57,6.0657,1.7085,2.2423,447.07,4.396,1.12E-05,0.034303
24,0.33,2.1552,0.46399,752.36,905.47,6.0495,1.7086,2.2429,447.04,4.3955,1.12E-05,0.03431
24,0.34,2.2209,0.45026,752.28,905.37,6.0338,1.7087,2.2435,447,4.3949,1.12E-05,0.034316
24,0.35,2.2867,0.43732,752.21,905.27,6.0185,1.7088,2.2441,446.97,4.3944,1.12E-05,0.034323
24,0.36,2.3524,0.4251,752.14,905.18,6.0037,1.7089,2.2447,446.94,4.3938,1.12E-05,0.03433
24,0.37,2.4182,0.41353,752.07,905.08,5.9893,1.709,2.2453,446.91,4.3933,1.12E-05,0.034336
24,0.38,2.484,0.40258,752,904.98,5.9752,1.7091,2.2459,446.87,4.3927,1.12E-05,0.034343
24,0.39,2.5498,0.39219,751.93,904.88,5.9615,1.7092,2.2465,446.84,4.3921,1.12E-05,0.034349
24,0.4,2.6156,0.38232,751.85,904.78,5.9481,1.7093,2.2471,446.81,4.3916,1.12E-05,0.034356
24,0.41,2.6815,0.37293,751.78,904.68,5.9351,1.7094,2.2477,446.78,4.391,1.12E-05,0.034363
24,0.42,2.7474,0.36398,751.71,904.58,5.9224,1.7095,2.2483,446.75,4.3905,1.12E-05,0.034369
24,0.43,2.8133,0.35546,751.64,904.48,5.9099,1.7096,2.2489,446.71,4.3899,1.12E-05,0.034376
24,0.44,2.8792,0.34732,751.57,904.39,5.8978,1.7097,2.2495,446.68,4.3893,1.12E-05,0.034383
24,0.45,2.9452,0.33954,751.49,904.29,5.8859,1.7098,2.2501,446.65,4.3888,1.12E-05,0.034389
24,0.46,3.0111,0.3321,751.42,904.19,5.8742,1.7099,2.2507,446.62,4.3882,1.12E-05,0.034396
24,0.47,3.0771,0.32498,751.35,904.09,5.8629,1.71,2.2513,446.59,4.3876,1.12E-05,0.034403
24,0.48,3.1432,0.31815,751.28,903.99,5.8517,1.7101,2.2519,446.56,4.3871,1.12E-05,0.03441
24,0.49,3.2092,0.3116,751.21,903.89,5.8408,1.7102,2.2525,446.52,4.3865,1.12E-05,0.034416
24,0.5,3.2753,0.30532,751.13,903.79,5.8301,1.7103,2.2531,446.49,4.386,1.12E-05,0.034423
24,0.51,3.3414,0.29928,751.06,903.69,5.8196,1.7104,2.2537,446.46,4.3854,1.12E-05,0.03443
24,0.52,3.4075,0.29347,750.99,903.6,5.8092,1.7105,2.2543,446.43,4.3848,1.12E-05,0.034436
24,0.53,3.4736,0.28788,750.92,903.5,5.7991,1.7106,2.2549,446.4,4.3842,1.12E-05,0.034443
24,0.54,3.5398,0.2825,750.85,903.4,5.7892,1.7107,2.2555,446.37,4.3837,1.12E-05,0.03445
24,0.55,3.606,0.27732,750.77,903.3,5.7795,1.7108,2.2561,446.33,4.3831,1.12E-05,0.034456
24,0.56,3.6722,0.27232,750.7,903.2,5.7699,1.7109,2.2567,446.3,4.3825,1.12E-05,0.034463
24,0.57,3.7384,0.26749,750.63,903.1,5.7605,1.711,2.2573,446.27,4.382,1.12E-05,0.03447
24,0.58,3.8047,0.26284,750.56,903,5.7512,1.7111,2.2579,446.24,4.3814,1.12E-05,0.034477
24,0.59,3.8709,0.25834,750.49,902.9,5.7421,1.7112,2.2585,446.21,4.3808,1.12E-05,0.034483
24,0.6,3.9372,0.25399,750.41,902.8,5.7331,1.7113,2.2591,446.18,4.3802,1.12E-05,0.03449
24,0.61,4.0036,0.24978,750.34,902.71,5.7243,1.7114,2.2598,446.15,4.3797,1.12E-05,0.034497
24,0.62,4.0699,0.24571,750.27,902.61,5.7157,1.7115,2.2604,446.11,4.3791,1.12E-05,0.034504
24,0.63,4.1363,0.24176,750.2,902.51,5.7071,1.7116,2.261,446.08,4.3785,1.12E-05,0.03451
24,0.64,4.2027,0.23794,750.12,902.41,5.6987,1.7117,2.2616,446.05,4.3779,1.12E-05,0.034517
24,0.65,4.2691,0.23424,750.05,902.31,5.6904,1.7118,2.2622,446.02,4.3774,1.12E-05,0.034524
24,0.66,4.3355,0.23065,749.98,902.21,5.6823,1.7119,2.2628,445.99,4.3768,1.12E-05,0.034531
24,0.67,4.402,0.22717,749.91,902.11,5.6743,1.7121,2.2634,445.96,4.3762,1.12E-05,0.034537
24,0.68,4.4685,0.22379,749.84,902.01,5.6663,1.7122,2.264,445.93,4.3756,1.12E-05,0.034544
24,0.69,4.535,0.22051,749.76,901.91,5.6585,1.7123,2.2646,445.9,4.375,1.12E-05,0.034551
24,0.7,4.6015,0.21732,749.69,901.81,5.6508,1.7124,2.2652,445.87,4.3744,1.12E-05,0.034558
24,0.71,4.6681,0.21422,749.62,901.71,5.6432,1.7125,2.2659,445.83,4.3739,1.12E-05,0.034564
24,0.72,4.7347,0.21121,749.55,901.62,5.6357,1.7126,2.2665,445.8,4.3733,1.12E-05,0.034571
24,0.73,4.8013,0.20828,749.47,901.52,5.6283,1.7127,2.2671,445.77,4.3727,1.12E-05,0.034578
24,0.74,4.8679,0.20543,749.4,901.42,5.6211,1.7128,2.2677,445.74,4.3721,1.12E-05,0.034585
24,0.75,4.9345,0.20265,749.33,901.32,5.6139,1.7129,2.2683,445.71,4.3715,1.12E-05,0.034592
24,0.76,5.0012,0.19995,749.26,901.22,5.6067,1.713,2.2689,445.68,4.3709,1.12E-05,0.034598
24,0.77,5.0679,0.19732,749.18,901.12,5.5997,1.7131,2.2695,445.65,4.3703,1.12E-05,0.034605
24,0.78,5.1346,0.19476,749.11,901.02,5.5928,1.7132,2.2702,445.62,4.3697,1.12E-05,0.034612
24,0.79,5.2014,0.19226,749.04,900.92,5.586,1.7133,2.2708,445.59,4.3692,1.12E-05,0.034619
24,0.8,5.2681,0.18982,748.97,900.82,5.5792,1.7134,2.2714,445.56,4.3686,1.12E-05,0.034626
24,0.81,5.3349,0.18744,748.89,900.72,5.5725,1.7135,2.272,445.53,4.368,1.12E-05,0.034633
24,0.82,5.4017,0.18513,748.82,900.62,5.5659,1.7136,2.2726,445.5,4.3674,1.13E-05,0.03464
24,0.83,5.4686,0.18286,748.75,900.52,5.5594,1.7137,2.2733,445.47,4.3668,1.13E-05,0.034646
24,0.84,5.5354,0.18065,748.68,900.43,5.5529,1.7138,2.2739,445.44,4.3662,1.13E-05,0.034653
24,0.85,5.6023,0.1785,748.6,900.33,5.5465,1.7139,2.2745,445.4,4.3656,1.13E-05,0.03466
24,0.86,5.6692,0.17639,748.53,900.23,5.5402,1.714,2.2751,445.37,4.365,1.13E-05,0.034667
24,0.87,5.7362,0.17433,748.46,900.13,5.534,1.7141,2.2757,445.34,4.3644,1.13E-05,0.034674
24,0.88,5.8031,0.17232,748.39,900.03,5.5278,1.7142,2.2764,445.31,4.3638,1.13E-05,0.034681
24,0.89,5.8701,0.17036,748.31,899.93,5.5217,1.7143,2.277,445.28,4.3632,1.13E-05,0.034688
24,0.9,5.9371,0.16843,748.24,899.83,5.5157,1.7144,2.2776,445.25,4.3626,1.13E-05,0.034695
24,0.91,6.0041,0.16655,748.17,899.73,5.5097,1.7145,2.2782,445.22,4.362,1.13E-05,0.034701
24,0.92,6.0712,0.16471,748.09,899.63,5.5038,1.7146,2.2788,445.19,4.3614,1.13E-05,0.034708
24,0.93,6.1382,0.16291,748.02,899.53,5.498,1.7147,2.2795,445.16,4.3608,1.13E-05,0.034715
24,0.94,6.2053,0.16115,747.95,899.43,5.4922,1.7148,2.2801,445.13,4.3602,1.13E-05,0.034722
24,0.95,6.2724,0.15943,747.88,899.33,5.4865,1.7149,2.2807,445.1,4.3596,1.13E-05,0.034729
24,0.96,6.3396,0.15774,747.8,899.23,5.4808,1.715,2.2813,445.07,4.359,1.13E-05,0.034736
24,0.97,6.4067,0.15609,747.73,899.13,5.4752,1.7151,2.282,445.04,4.3584,1.13E-05,0.034743
24,0.98,6.4739,0.15447,747.66,899.03,5.4696,1.7152,2.2826,445.01,4.3578,1.13E-05,0.03475
24,0.99,6.5411,0.15288,747.58,898.93,5.4641,1.7153,2.2832,444.98,4.3571,1.13E-05,0.034757
24,1,6.6084,0.15132,747.51,898.84,5.4587,1.7154,2.2838,444.95,4.3565,1.13E-05,0.034764
25,0.01,0.064727,15.45,756.35,910.84,7.8768,1.7077,2.2264,448.77,4.3823,1.12E-05,0.034232
25,0.02,0.12948,7.7234,756.28,910.75,7.5173,1.7078,2.227,448.74,4.3817,1.12E-05,0.03424
25,0.03,0.19425,5.1481,756.21,910.65,7.307,1.7079,2.2276,448.7,4.3812,1.12E-05,0.034247
25,0.04,0.25904,3.8604,756.14,910.55,7.1576,1.708,2.2281,448.67,4.3807,1.12E-05,0.034254
25,0.05,0.32386,3.0878,756.07,910.45,7.0417,1.7081,2.2287,448.64,4.3801,1.12E-05,0.034261
25,0.06,0.3887,2.5727,755.99,910.36,6.947,1.7082,2.2293,448.6,4.3796,1.12E-05,0.034268
25,0.07,0.45356,2.2048,755.92,910.26,6.8669,1.7083,2.2299,448.57,4.3791,1.12E-05,0.034275
25,0.08,0.51844,1.9289,755.85,910.16,6.7974,1.7084,2.2304,448.54,4.3785,1.12E-05,0.034282
25,0.09,0.58335,1.7142,755.78,910.06,6.7362,1.7085,2.231,448.51,4.378,1.12E-05,0.034288
25,0.1,0.64828,1.5426,755.71,909.97,6.6813,1.7086,2.2316,448.47,4.3775,1.12E-05,0.034295
25,0.11,0.71323,1.4021,755.64,909.87,6.6317,1.7087,2.2322,448.44,4.3769,1.12E-05,0.034302
25,0.12,0.7782,1.285,755.57,909.77,6.5864,1.7088,2.2328,448.41,4.3764,1.12E-05,0.034308
25,0.13,0.8432,1.186,755.5,909.67,6.5446,1.7089,2.2333,448.38,4.3758,1.12E-05,0.034315
25,0.14,0.90822,1.1011,755.43,909.57,6.506,1.709,2.2339,448.34,4.3753,1.12E-05,0.034322
25,0.15,0.97326,1.0275,755.36,909.48,6.47,1.7091,2.2345,448.31,4.3748,1.12E-05,0.034328
25,0.16,1.0383,0.96309,755.28,909.38,6.4363,1.7092,2.2351,448.28,4.3742,1.12E-05,0.034335
25,0.17,1.1034,0.90628,755.21,909.28,6.4046,1.7093,2.2357,448.25,4.3737,1.12E-05,0.034342
25,0.18,1.1685,0.85579,755.14,909.18,6.3748,1.7094,2.2362,448.21,4.3731,1.12E-05,0.034348
25,0.19,1.2336,0.8106,755.07,909.09,6.3465,1.7095,2.2368,448.18,4.3726,1.12E-05,0.034355
25,0.2,1.2988,0.76994,755,908.99,6.3197,1.7096,2.2374,448.15,4.372,1.12E-05,0.034362
25,0.21,1.364,0.73315,754.93,908.89,6.2942,1.7097,2.238,448.12,4.3715,1.12E-05,0.034368
25,0.22,1.4292,0.6997,754.86,908.79,6.2698,1.7098,2.2386,448.09,4.371,1.12E-05,0.034375
25,0.23,1.4944,0.66917,754.79,908.69,6.2465,1.7099,2.2392,448.05,4.3704,1.12E-05,0.034381
25,0.24,1.5596,0.64117,754.72,908.6,6.2243,1.71,2.2398,448.02,4.3699,1.12E-05,0.034388
25,0.25,1.6249,0.61542,754.64,908.5,6.2029,1.7101,2.2403,447.99,4.3693,1.12E-05,0.034395
25,0.26,1.6902,0.59165,754.57,908.4,6.1823,1.7102,2.2409,447.96,4.3688,1.12E-05,0.034401
25,0.27,1.7555,0.56963,754.5,908.3,6.1625,1.7103,2.2415,447.93,4.3682,1.12E-05,0.034408
25,0.28,1.8208,0.5492,754.43,908.2,6.1434,1.7104,2.2421,447.89,4.3677,1.12E-05,0.034414
25,0.29,1.8862,0.53017,754.36,908.11,6.125,1.7105,2.2427,447.86,4.3671,1.12E-05,0.034421
25,0.3,1.9516,0.5124,754.29,908.01,6.1072,1.7106,2.2433,447.83,4.3666,1.12E-05,0.034428
25,0.31,2.017,0.49579,754.22,907.91,6.0899,1.7107,2.2439,447.8,4.366,1.12E-05,0.034434
25,0.32,2.0824,0.48021,754.14,907.81,6.0732,1.7108,2.2445,447.77,4.3655,1.12E-05,0.034441
25,0.33,2.1479,0.46558,754.07,907.72,6.0571,1.7109,2.245,447.73,4.3649,1.12E-05,0.034447
25,0.34,2.2133,0.45181,754,907.62,6.0413,1.711,2.2456,447.7,4.3643,1.12E-05,0.034454
25,0.35,2.2788,0.43882,753.93,907.52,6.0261,1.7111,2.2462,447.67,4.3638,1.12E-05,0.034461
25,0.36,2.3443,0.42656,753.86,907.42,6.0112,1.7112,2.2468,447.64,4.3632,1.12E-05,0.034467
25,0.37,2.4099,0.41496,753.79,907.32,5.9968,1.7113,2.2474,447.61,4.3627,1.12E-05,0.034474
25,0.38,2.4754,0.40397,753.72,907.23,5.9827,1.7114,2.248,447.58,4.3621,1.12E-05,0.034481
25,0.39,2.541,0.39354,753.65,907.13,5.969,1.7115,2.2486,447.54,4.3616,1.12E-05,0.034487
25,0.4,2.6066,0.38364,753.57,907.03,5.9557,1.7116,2.2492,447.51,4.361,1.12E-05,0.034494
25,0.41,2.6723,0.37422,753.5,906.93,5.9426,1.7117,2.2498,447.48,4.3604,1.12E-05,0.0345
25,0.42,2.7379,0.36524,753.43,906.83,5.9299,1.7118,2.2504,447.45,4.3599,1.12E-05,0.034507
25,0.43,2.8036,0.35669,753.36,906.73,5.9175,1.7119,2.251,447.42,4.3593,1.12E-05,0.034514
25,0.44,2.8693,0.34852,753.29,906.64,5.9053,1.712,2.2516,447.39,4.3588,1.12E-05,0.03452
25,0.45,2.935,0.34072,753.22,906.54,5.8934,1.7121,2.2522,447.36,4.3582,1.12E-05,0.034527
25,0.46,3.0007,0.33325,753.14,906.44,5.8818,1.7122,2.2527,447.32,4.3576,1.12E-05,0.034534
25,0.47,3.0665,0.3261,753.07,906.34,5.8704,1.7123,2.2533,447.29,4.3571,1.12E-05,0.03454
25,0.48,3.1323,0.31926,753,906.24,5.8593,1.7124,2.2539,447.26,4.3565,1.12E-05,0.034547
25,0.49,3.1981,0.31269,752.93,906.15,5.8483,1.7125,2.2545,447.23,4.3559,1.12E-05,0.034554
25,0.5,3.2639,0.30638,752.86,906.05,5.8376,1.7126,2.2551,447.2,4.3554,1.12E-05,0.03456
25,0.51,3.3298,0.30032,752.79,905.95,5.8271,1.7127,2.2557,447.17,4.3548,1.12E-05,0.034567
25,0.52,3.3957,0.29449,752.71,905.85,5.8168,1.7128,2.2563,447.14,4.3542,1.12E-05,0.034574
25,0.53,3.4616,0.28889,752.64,905.75,5.8067,1.7129,2.2569,447.11,4.3537,1.12E-05,0.03458
25,0.54,3.5275,0.28349,752.57,905.65,5.7968,1.713,2.2575,447.08,4.3531,1.12E-05,0.034587
25,0.55,3.5934,0.27828,752.5,905.56,5.787,1.7131,2.2581,447.04,4.3525,1.12E-05,0.034594
25,0.56,3.6594,0.27327,752.43,905.46,5.7775,1.7132,2.2587,447.01,4.3519,1.12E-05,0.0346
25,0.57,3.7254,0.26843,752.36,905.36,5.768,1.7133,2.2593,446.98,4.3514,1.12E-05,0.034607
25,0.58,3.7914,0.26375,752.28,905.26,5.7588,1.7134,2.2599,446.95,4.3508,1.12E-05,0.034614
25,0.59,3.8575,0.25924,752.21,905.16,5.7497,1.7135,2.2605,446.92,4.3502,1.12E-05,0.03462
25,0.6,3.9235,0.25487,752.14,905.06,5.7407,1.7136,2.2611,446.89,4.3496,1.13E-05,0.034627
25,0.61,3.9896,0.25065,752.07,904.97,5.7319,1.7137,2.2617,446.86,4.3491,1.13E-05,0.034634
25,0.62,4.0557,0.24657,752,904.87,5.7233,1.7138,2.2623,446.83,4.3485,1.13E-05,0.034641
25,0.63,4.1218,0.24261,751.93,904.77,5.7147,1.7139,2.2629,446.8,4.3479,1.13E-05,0.034647
25,0.64,4.188,0.23878,751.85,904.67,5.7063,1.714,2.2635,446.77,4.3473,1.13E-05,0.034654
25,0.65,4.2542,0.23506,751.78,904.57,5.6981,1.7141,2.2642,446.74,4.3467,1.13E-05,0.034661
25,0.66,4.3204,0.23146,751.71,904.47,5.6899,1.7142,2.2648,446.71,4.3462,1.13E-05,0.034668
25,0.67,4.3866,0.22797,751.64,904.38,5.6819,1.7143,2.2654,446.67,4.3456,1.13E-05,0.034674
25,0.68,4.4528,0.22458,751.57,904.28,5.6739,1.7144,2.266,446.64,4.345,1.13E-05,0.034681
25,0.69,4.5191,0.22128,751.49,904.18,5.6661,1.7145,2.2666,446.61,4.3444,1.13E-05,0.034688
25,0.7,4.5854,0.21808,751.42,904.08,5.6584,1.7146,2.2672,446.58,4.3438,1.13E-05,0.034695
25,0.71,4.6517,0.21498,751.35,903.98,5.6508,1.7147,2.2678,446.55,4.3432,1.13E-05,0.034701
25,0.72,4.718,0.21195,751.28,903.88,5.6434,1.7148,2.2684,446.52,4.3427,1.13E-05,0.034708
25,0.73,4.7844,0.20901,751.21,903.78,5.636,1.7149,2.269,446.49,4.3421,1.13E-05,0.034715
25,0.74,4.8508,0.20615,751.13,903.69,5.6287,1.715,2.2696,446.46,4.3415,1.13E-05,0.034722
25,0.75,4.9172,0.20337,751.06,903.59,5.6215,1.7151,2.2702,446.43,4.3409,1.13E-05,0.034728
25,0.76,4.9836,0.20066,750.99,903.49,5.6144,1.7152,2.2708,446.4,4.3403,1.13E-05,0.034735
25,0.77,5.0501,0.19802,750.92,903.39,5.6074,1.7153,2.2714,446.37,4.3397,1.13E-05,0.034742
25,0.78,5.1165,0.19544,750.85,903.29,5.6004,1.7154,2.272,446.34,4.3391,1.13E-05,0.034749
25,0.79,5.183,0.19294,750.77,903.19,5.5936,1.7155,2.2727,446.31,4.3385,1.13E-05,0.034756
25,0.8,5.2495,0.19049,750.7,903.09,5.5868,1.7156,2.2733,446.28,4.3379,1.13E-05,0.034762
25,0.81,5.3161,0.18811,750.63,903,5.5801,1.7157,2.2739,446.25,4.3373,1.13E-05,0.034769
25,0.82,5.3827,0.18578,750.56,902.9,5.5735,1.7158,2.2745,446.22,4.3367,1.13E-05,0.034776
25,0.83,5.4492,0.18351,750.48,902.8,5.567,1.7159,2.2751,446.19,4.3361,1.13E-05,0.034783
25,0.84,5.5159,0.1813,750.41,902.7,5.5606,1.716,2.2757,446.16,4.3355,1.13E-05,0.03479
25,0.85,5.5825,0.17913,750.34,902.6,5.5542,1.7161,2.2763,446.13,4.335,1.13E-05,0.034797
25,0.86,5.6491,0.17702,750.27,902.5,5.5479,1.7162,2.2769,446.1,4.3344,1.13E-05,0.034803
25,0.87,5.7158,0.17495,750.2,902.4,5.5417,1.7163,2.2776,446.07,4.3338,1.13E-05,0.03481
25,0.88,5.7825,0.17293,750.12,902.31,5.5355,1.7164,2.2782,446.04,4.3332,1.13E-05,0.034817
25,0.89,5.8493,0.17096,750.05,902.21,5.5294,1.7165,2.2788,446.01,4.3326,1.13E-05,0.034824
25,0.9,5.916,0.16903,749.98,902.11,5.5234,1.7166,2.2794,445.98,4.332,1.13E-05,0.034831
25,0.91,5.9828,0.16715,749.91,902.01,5.5174,1.7167,2.28,445.95,4.3313,1.13E-05,0.034838
25,0.92,6.0496,0.1653,749.83,901.91,5.5115,1.7168,2.2806,445.92,4.3307,1.13E-05,0.034845
25,0.93,6.1164,0.1635,749.76,901.81,5.5056,1.7169,2.2813,445.89,4.3301,1.13E-05,0.034851
25,0.94,6.1832,0.16173,749.69,901.71,5.4999,1.717,2.2819,445.86,4.3295,1.13E-05,0.034858
25,0.95,6.2501,0.16,749.62,901.61,5.4941,1.7171,2.2825,445.83,4.3289,1.13E-05,0.034865
25,0.96,6.317,0.1583,749.54,901.52,5.4885,1.7172,2.2831,445.8,4.3283,1.13E-05,0.034872
25,0.97,6.3839,0.15664,749.47,901.42,5.4828,1.7173,2.2837,445.77,4.3277,1.13E-05,0.034879
25,0.98,6.4508,0.15502,749.4,901.32,5.4773,1.7174,2.2844,445.74,4.3271,1.13E-05,0.034886
25,0.99,6.5178,0.15343,749.33,901.22,5.4718,1.7175,2.285,445.71,4.3265,1.13E-05,0.034893
25,1,6.5848,0.15187,749.25,901.12,5.4663,1.7176,2.2856,445.69,4.3259,1.13E-05,0.0349
26,0.01,0.06451,15.501,758.06,913.07,7.8843,1.71,2.2287,449.45,4.352,1.12E-05,0.034371
26,0.02,0.12904,7.7494,757.99,912.97,7.5248,1.7101,2.2293,449.42,4.3515,1.12E-05,0.034379
26,0.03,0.1936,5.1654,757.92,912.88,7.3144,1.7102,2.2299,449.39,4.3509,1.12E-05,0.034386
26,0.04,0.25817,3.8734,757.85,912.78,7.1651,1.7103,2.2304,449.35,4.3504,1.12E-05,0.034393
26,0.05,0.32277,3.0982,757.78,912.68,7.0492,1.7104,2.231,449.32,4.3499,1.12E-05,0.0344
26,0.06,0.38739,2.5814,757.7,912.59,6.9545,1.7105,2.2316,449.29,4.3493,1.12E-05,0.034407
26,0.07,0.45204,2.2122,757.63,912.49,6.8744,1.7106,2.2321,449.26,4.3488,1.12E-05,0.034414
26,0.08,0.5167,1.9354,757.56,912.39,6.8049,1.7107,2.2327,449.22,4.3483,1.12E-05,0.03442
26,0.09,0.58139,1.72,757.49,912.3,6.7436,1.7108,2.2333,449.19,4.3477,1.12E-05,0.034427
26,0.1,0.6461,1.5478,757.42,912.2,6.6888,1.7109,2.2339,449.16,4.3472,1.12E-05,0.034434
26,0.11,0.71083,1.4068,757.35,912.1,6.6392,1.711,2.2344,449.13,4.3466,1.12E-05,0.034441
26,0.12,0.77558,1.2894,757.28,912,6.5938,1.7111,2.235,449.1,4.3461,1.12E-05,0.034447
26,0.13,0.84036,1.19,757.21,911.91,6.5521,1.7112,2.2356,449.06,4.3456,1.12E-05,0.034454
26,0.14,0.90515,1.1048,757.14,911.81,6.5135,1.7113,2.2362,449.03,4.345,1.12E-05,0.03446
26,0.15,0.96997,1.031,757.07,911.71,6.4775,1.7114,2.2367,449,4.3445,1.12E-05,0.034467
26,0.16,1.0348,0.96636,757,911.62,6.4438,1.7115,2.2373,448.97,4.3439,1.12E-05,0.034474
26,0.17,1.0997,0.90936,756.93,911.52,6.4121,1.7116,2.2379,448.94,4.3434,1.12E-05,0.03448
26,0.18,1.1646,0.85869,756.86,911.42,6.3823,1.7117,2.2385,448.9,4.3428,1.12E-05,0.034487
26,0.19,1.2295,0.81336,756.79,911.32,6.354,1.7118,2.2391,448.87,4.3423,1.12E-05,0.034494
26,0.2,1.2944,0.77256,756.72,911.23,6.3272,1.7119,2.2396,448.84,4.3418,1.12E-05,0.0345
26,0.21,1.3594,0.73564,756.64,911.13,6.3017,1.712,2.2402,448.81,4.3412,1.12E-05,0.034507
26,0.22,1.4243,0.70208,756.57,911.03,6.2773,1.7121,2.2408,448.78,4.3407,1.12E-05,0.034513
26,0.23,1.4893,0.67144,756.5,910.93,6.254,1.7122,2.2414,448.75,4.3401,1.12E-05,0.03452
26,0.24,1.5543,0.64336,756.43,910.84,6.2318,1.7123,2.242,448.71,4.3396,1.12E-05,0.034526
26,0.25,1.6194,0.61752,756.36,910.74,6.2104,1.7124,2.2425,448.68,4.339,1.12E-05,0.034533
26,0.26,1.6845,0.59366,756.29,910.64,6.1898,1.7125,2.2431,448.65,4.3385,1.12E-05,0.03454
26,0.27,1.7495,0.57158,756.22,910.55,6.17,1.7126,2.2437,448.62,4.3379,1.12E-05,0.034546
26,0.28,1.8147,0.55107,756.15,910.45,6.1509,1.7126,2.2443,448.59,4.3374,1.12E-05,0.034553
26,0.29,1.8798,0.53198,756.08,910.35,6.1325,1.7127,2.2449,448.56,4.3368,1.12E-05,0.034559
26,0.3,1.9449,0.51416,756.01,910.25,6.1147,1.7128,2.2454,448.53,4.3363,1.12E-05,0.034566
26,0.31,2.0101,0.49749,755.94,910.16,6.0975,1.7129,2.246,448.49,4.3357,1.12E-05,0.034573
26,0.32,2.0753,0.48186,755.86,910.06,6.0808,1.713,2.2466,448.46,4.3351,1.12E-05,0.034579
26,0.33,2.1405,0.46717,755.79,909.96,6.0646,1.7131,2.2472,448.43,4.3346,1.12E-05,0.034586
26,0.34,2.2058,0.45336,755.72,909.86,6.0489,1.7132,2.2478,448.4,4.334,1.12E-05,0.034592
26,0.35,2.271,0.44033,755.65,909.77,6.0336,1.7133,2.2484,448.37,4.3335,1.12E-05,0.034599
26,0.36,2.3363,0.42802,755.58,909.67,6.0188,1.7134,2.249,448.34,4.3329,1.13E-05,0.034605
26,0.37,2.4016,0.41638,755.51,909.57,6.0043,1.7135,2.2495,448.31,4.3324,1.13E-05,0.034612
26,0.38,2.467,0.40536,755.44,909.47,5.9903,1.7136,2.2501,448.28,4.3318,1.13E-05,0.034619
26,0.39,2.5323,0.3949,755.37,909.38,5.9766,1.7137,2.2507,448.25,4.3312,1.13E-05,0.034625
26,0.4,2.5977,0.38496,755.3,909.28,5.9632,1.7138,2.2513,448.21,4.3307,1.13E-05,0.034632
26,0.41,2.6631,0.3755,755.22,909.18,5.9502,1.7139,2.2519,448.18,4.3301,1.13E-05,0.034638
26,0.42,2.7285,0.3665,755.15,909.08,5.9375,1.714,2.2525,448.15,4.3296,1.13E-05,0.034645
26,0.43,2.7939,0.35792,755.08,908.99,5.925,1.7141,2.2531,448.12,4.329,1.13E-05,0.034652
26,0.44,2.8594,0.34972,755.01,908.89,5.9129,1.7142,2.2537,448.09,4.3284,1.13E-05,0.034658
26,0.45,2.9249,0.34189,754.94,908.79,5.901,1.7143,2.2542,448.06,4.3279,1.13E-05,0.034665
26,0.46,2.9904,0.3344,754.87,908.69,5.8894,1.7144,2.2548,448.03,4.3273,1.13E-05,0.034672
26,0.47,3.0559,0.32723,754.8,908.6,5.878,1.7145,2.2554,448,4.3267,1.13E-05,0.034678
26,0.48,3.1215,0.32036,754.73,908.5,5.8668,1.7146,2.256,447.97,4.3262,1.13E-05,0.034685
26,0.49,3.1871,0.31377,754.66,908.4,5.8559,1.7147,2.2566,447.94,4.3256,1.13E-05,0.034691
26,0.5,3.2527,0.30744,754.58,908.3,5.8452,1.7148,2.2572,447.91,4.325,1.13E-05,0.034698
26,0.51,3.3183,0.30136,754.51,908.21,5.8347,1.7149,2.2578,447.87,4.3245,1.13E-05,0.034705
26,0.52,3.3839,0.29551,754.44,908.11,5.8244,1.715,2.2584,447.84,4.3239,1.13E-05,0.034711
26,0.53,3.4496,0.28989,754.37,908.01,5.8143,1.7151,2.259,447.81,4.3233,1.13E-05,0.034718
26,0.54,3.5153,0.28447,754.3,907.91,5.8043,1.7152,2.2596,447.78,4.3227,1.13E-05,0.034725
26,0.55,3.581,0.27925,754.23,907.82,5.7946,1.7153,2.2602,447.75,4.3222,1.13E-05,0.034731
26,0.56,3.6467,0.27422,754.16,907.72,5.785,1.7154,2.2608,447.72,4.3216,1.13E-05,0.034738
26,0.57,3.7125,0.26936,754.08,907.62,5.7756,1.7155,2.2614,447.69,4.321,1.13E-05,0.034745
26,0.58,3.7783,0.26467,754.01,907.52,5.7664,1.7156,2.262,447.66,4.3204,1.13E-05,0.034751
26,0.59,3.8441,0.26014,753.94,907.42,5.7573,1.7157,2.2625,447.63,4.3199,1.13E-05,0.034758
26,0.6,3.9099,0.25576,753.87,907.33,5.7483,1.7158,2.2631,447.6,4.3193,1.13E-05,0.034765
26,0.61,3.9757,0.25152,753.8,907.23,5.7395,1.7159,2.2637,447.57,4.3187,1.13E-05,0.034771
26,0.62,4.0416,0.24743,753.73,907.13,5.7308,1.716,2.2643,447.54,4.3181,1.13E-05,0.034778
26,0.63,4.1075,0.24346,753.66,907.03,5.7223,1.7161,2.2649,447.51,4.3175,1.13E-05,0.034785
26,0.64,4.1734,0.23961,753.58,906.94,5.7139,1.7162,2.2655,447.48,4.317,1.13E-05,0.034791
26,0.65,4.2394,0.23588,753.51,906.84,5.7056,1.7163,2.2661,447.45,4.3164,1.13E-05,0.034798
26,0.66,4.3053,0.23227,753.44,906.74,5.6975,1.7164,2.2667,447.42,4.3158,1.13E-05,0.034805
26,0.67,4.3713,0.22877,753.37,906.64,5.6895,1.7165,2.2673,447.39,4.3152,1.13E-05,0.034812
26,0.68,4.4373,0.22536,753.3,906.54,5.6815,1.7166,2.2679,447.36,4.3146,1.13E-05,0.034818
26,0.69,4.5033,0.22206,753.23,906.45,5.6737,1.7167,2.2685,447.33,4.314,1.13E-05,0.034825
26,0.7,4.5694,0.21885,753.15,906.35,5.666,1.7168,2.2691,447.3,4.3135,1.13E-05,0.034832
26,0.71,4.6354,0.21573,753.08,906.25,5.6584,1.7169,2.2697,447.27,4.3129,1.13E-05,0.034838
26,0.72,4.7015,0.2127,753.01,906.15,5.651,1.717,2.2703,447.24,4.3123,1.13E-05,0.034845
26,0.73,4.7677,0.20975,752.94,906.05,5.6436,1.7171,2.2709,447.21,4.3117,1.13E-05,0.034852
26,0.74,4.8338,0.20688,752.87,905.96,5.6363,1.7172,2.2715,447.18,4.3111,1.13E-05,0.034859
26,0.75,4.9,0.20408,752.8,905.86,5.6291,1.7173,2.2721,447.15,4.3105,1.13E-05,0.034865
26,0.76,4.9661,0.20136,752.72,905.76,5.622,1.7174,2.2727,447.12,4.3099,1.13E-05,0.034872
26,0.77,5.0323,0.19871,752.65,905.66,5.615,1.7175,2.2734,447.09,4.3093,1.13E-05,0.034879
26,0.78,5.0986,0.19613,752.58,905.57,5.608,1.7176,2.274,447.06,4.3087,1.13E-05,0.034886
26,0.79,5.1648,0.19362,752.51,905.47,5.6012,1.7177,2.2746,447.03,4.3082,1.13E-05,0.034893
26,0.8,5.2311,0.19116,752.44,905.37,5.5944,1.7178,2.2752,447,4.3076,1.13E-05,0.034899
26,0.81,5.2974,0.18877,752.37,905.27,5.5878,1.7179,2.2758,446.97,4.307,1.13E-05,0.034906
26,0.82,5.3637,0.18644,752.29,905.17,5.5812,1.718,2.2764,446.94,4.3064,1.13E-05,0.034913
26,0.83,5.4301,0.18416,752.22,905.07,5.5746,1.7181,2.277,446.91,4.3058,1.13E-05,0.03492
26,0.84,5.4964,0.18194,752.15,904.98,5.5682,1.7182,2.2776,446.88,4.3052,1.13E-05,0.034927
26,0.85,5.5628,0.17977,752.08,904.88,5.5618,1.7183,2.2782,446.85,4.3046,1.13E-05,0.034933
26,0.86,5.6292,0.17764,752.01,904.78,5.5555,1.7184,2.2788,446.82,4.304,1.13E-05,0.03494
26,0.87,5.6956,0.17557,751.93,904.68,5.5493,1.7185,2.2794,446.79,4.3034,1.13E-05,0.034947
26,0.88,5.7621,0.17355,751.86,904.58,5.5431,1.7186,2.28,446.77,4.3028,1.13E-05,0.034954
26,0.89,5.8286,0.17157,751.79,904.49,5.537,1.7187,2.2806,446.74,4.3022,1.13E-05,0.034961
26,0.9,5.8951,0.16963,751.72,904.39,5.531,1.7188,2.2813,446.71,4.3016,1.13E-05,0.034967
26,0.91,5.9616,0.16774,751.65,904.29,5.525,1.7189,2.2819,446.68,4.301,1.13E-05,0.034974
26,0.92,6.0281,0.16589,751.57,904.19,5.5191,1.719,2.2825,446.65,4.3004,1.13E-05,0.034981
26,0.93,6.0947,0.16408,751.5,904.09,5.5133,1.7191,2.2831,446.62,4.2998,1.13E-05,0.034988
26,0.94,6.1613,0.1623,751.43,904,5.5075,1.7192,2.2837,446.59,4.2992,1.13E-05,0.034995
26,0.95,6.2279,0.16057,751.36,903.9,5.5018,1.7193,2.2843,446.56,4.2985,1.13E-05,0.035002
26,0.96,6.2946,0.15887,751.29,903.8,5.4961,1.7194,2.2849,446.53,4.2979,1.13E-05,0.035009
26,0.97,6.3612,0.1572,751.21,903.7,5.4905,1.7195,2.2855,446.5,4.2973,1.13E-05,0.035015
26,0.98,6.4279,0.15557,751.14,903.6,5.4849,1.7196,2.2861,446.47,4.2967,1.13E-05,0.035022
26,0.99,6.4946,0.15397,751.07,903.5,5.4794,1.7197,2.2868,446.45,4.2961,1.13E-05,0.035029
26,1,6.5613,0.15241,751,903.41,5.474,1.7198,2.2874,446.42,4.2955,1.13E-05,0.035036