Temperature,Pressure,Density,SpecificVolume,InternalEnergy,Enthalpy,Entropy,Cv,Cp,SpeedSound,JT,Viscosity,ThermalConductivity
19,0.01,0.13174,7.5905,189.82,265.73,6.9908,0.65734,0.91731,325.45,2.7977,2.01E-05,0.026004
19,0.02,0.26351,3.795,189.8,265.7,6.8106,0.65737,0.91748,325.45,2.7972,2.01E-05,0.026006
19,0.03,0.39529,2.5298,189.78,265.68,6.7052,0.65739,0.91764,325.45,2.7967,2.01E-05,0.026008
19,0.04,0.52709,1.8972,189.76,265.65,6.6304,0.65742,0.91781,325.45,2.7962,2.01E-05,0.026011
19,0.05,0.65891,1.5177,189.74,265.63,6.5723,0.65745,0.91797,325.45,2.7957,2.01E-05,0.026013
19,0.06,0.79074,1.2646,189.72,265.6,6.5249,0.65747,0.91814,325.45,2.7952,2.01E-05,0.026015
19,0.07,0.9226,1.0839,189.7,265.58,6.4848,0.6575,0.91831,325.45,2.7946,2.01E-05,0.026017
19,0.08,1.0545,0.94834,189.68,265.55,6.45,0.65752,0.91847,325.45,2.7941,2.01E-05,0.02602
19,0.09,1.1864,0.84291,189.66,265.52,6.4193,0.65755,0.91864,325.45,2.7936,2.01E-05,0.026022
19,0.1,1.3183,0.75857,189.64,265.5,6.3919,0.65758,0.9188,325.45,2.7931,2.01E-05,0.026024
19,0.11,1.4502,0.68956,189.62,265.47,6.3671,0.6576,0.91897,325.45,2.7926,2.01E-05,0.026026
19,0.12,1.5822,0.63205,189.6,265.45,6.3444,0.65763,0.91913,325.45,2.792,2.01E-05,0.026029
19,0.13,1.7141,0.58339,189.58,265.42,6.3235,0.65765,0.9193,325.45,2.7915,2.01E-05,0.026031
19,0.14,1.8461,0.54168,189.56,265.4,6.3042,0.65768,0.91946,325.45,2.791,2.01E-05,0.026033
19,0.15,1.9781,0.50553,189.54,265.37,6.2862,0.65771,0.91963,325.45,2.7905,2.01E-05,0.026035
19,0.16,2.1101,0.4739,189.52,265.34,6.2694,0.65773,0.9198,325.45,2.79,2.01E-05,0.026038
19,0.17,2.2422,0.446,189.5,265.32,6.2535,0.65776,0.91996,325.45,2.7894,2.01E-05,0.02604
19,0.18,2.3742,0.42119,189.48,265.29,6.2386,0.65778,0.92013,325.45,2.7889,2.01E-05,0.026042
19,0.19,2.5063,0.39899,189.46,265.27,6.2245,0.65781,0.92029,325.45,2.7884,2.01E-05,0.026045
19,0.2,2.6384,0.37902,189.44,265.24,6.2111,0.65784,0.92046,325.45,2.7879,2.01E-05,0.026047
19,0.21,2.7705,0.36094,189.42,265.22,6.1984,0.65786,0.92063,325.45,2.7874,2.02E-05,0.026049
19,0.22,2.9027,0.34451,189.4,265.19,6.1862,0.65789,0.92079,325.45,2.7868,2.02E-05,0.026052
19,0.23,3.0348,0.32951,189.38,265.16,6.1746,0.65792,0.92096,325.45,2.7863,2.02E-05,0.026054
19,0.24,3.167,0.31576,189.36,265.14,6.1634,0.65794,0.92112,325.45,2.7858,2.02E-05,0.026056
19,0.25,3.2992,0.30311,189.34,265.11,6.1528,0.65797,0.92129,325.45,2.7853,2.02E-05,0.026059
19,0.26,3.4314,0.29143,189.32,265.09,6.1425,0.65799,0.92146,325.45,2.7847,2.02E-05,0.026061
19,0.27,3.5636,0.28061,189.3,265.06,6.1326,0.65802,0.92162,325.45,2.7842,2.02E-05,0.026064
19,0.28,3.6958,0.27057,189.28,265.04,6.1231,0.65805,0.92179,325.45,2.7837,2.02E-05,0.026066
19,0.29,3.8281,0.26123,189.26,265.01,6.1139,0.65807,0.92196,325.45,2.7832,2.02E-05,0.026068
19,0.3,3.9604,0.2525,189.23,264.98,6.1051,0.6581,0.92212,325.45,2.7826,2.02E-05,0.026071
19,0.31,4.0927,0.24434,189.21,264.96,6.0965,0.65812,0.92229,325.45,2.7821,2.02E-05,0.026073
19,0.32,4.225,0.23669,189.19,264.93,6.0881,0.65815,0.92246,325.45,2.7816,2.02E-05,0.026076
19,0.33,4.3573,0.2295,189.17,264.91,6.0801,0.65818,0.92262,325.45,2.7811,2.02E-05,0.026078
19,0.34,4.4897,0.22273,189.15,264.88,6.0723,0.6582,0.92279,325.45,2.7805,2.02E-05,0.026081
19,0.35,4.6221,0.21635,189.13,264.86,6.0646,0.65823,0.92296,325.45,2.78,2.02E-05,0.026083
19,0.36,4.7545,0.21033,189.11,264.83,6.0573,0.65825,0.92312,325.45,2.7795,2.02E-05,0.026085
19,0.37,4.8869,0.20463,189.09,264.81,6.0501,0.65828,0.92329,325.45,2.779,2.02E-05,0.026088
19,0.38,5.0193,0.19923,189.07,264.78,6.0431,0.65831,0.92346,325.45,2.7784,2.02E-05,0.02609
19,0.39,5.1518,0.19411,189.05,264.75,6.0363,0.65833,0.92362,325.45,2.7779,2.02E-05,0.026093
19,0.4,5.2842,0.18924,189.03,264.73,6.0296,0.65836,0.92379,325.45,2.7774,2.02E-05,0.026095
19,0.41,5.4167,0.18461,189.01,264.7,6.0231,0.65838,0.92396,325.45,2.7768,2.02E-05,0.026098
19,0.42,5.5492,0.18021,188.99,264.68,6.0168,0.65841,0.92413,325.45,2.7763,2.02E-05,0.0261
19,0.43,5.6817,0.176,188.97,264.65,6.0106,0.65844,0.92429,325.46,2.7758,2.02E-05,0.026103
19,0.44,5.8143,0.17199,188.95,264.63,6.0046,0.65846,0.92446,325.46,2.7753,2.02E-05,0.026105
19,0.45,5.9468,0.16816,188.93,264.6,5.9987,0.65849,0.92463,325.46,2.7747,2.02E-05,0.026108
19,0.46,6.0794,0.16449,188.91,264.57,5.9929,0.65851,0.9248,325.46,2.7742,2.02E-05,0.02611
19,0.47,6.212,0.16098,188.89,264.55,5.9872,0.65854,0.92496,325.46,2.7737,2.02E-05,0.026113
19,0.48,6.3446,0.15761,188.87,264.52,5.9817,0.65857,0.92513,325.46,2.7731,2.02E-05,0.026115
19,0.49,6.4772,0.15439,188.85,264.5,5.9762,0.65859,0.9253,325.46,2.7726,2.02E-05,0.026118
19,0.5,6.6099,0.15129,188.83,264.47,5.9709,0.65862,0.92547,325.46,2.7721,2.02E-05,0.02612
19,0.51,6.7426,0.14831,188.81,264.45,5.9657,0.65864,0.92563,325.46,2.7715,2.02E-05,0.026123
19,0.52,6.8752,0.14545,188.79,264.42,5.9606,0.65867,0.9258,325.46,2.771,2.02E-05,0.026125
19,0.53,7.0079,0.1427,188.77,264.39,5.9556,0.6587,0.92597,325.46,2.7705,2.02E-05,0.026128
19,0.54,7.1407,0.14004,188.75,264.37,5.9507,0.65872,0.92614,325.46,2.7699,2.02E-05,0.026131
19,0.55,7.2734,0.13749,188.73,264.34,5.9458,0.65875,0.9263,325.46,2.7694,2.02E-05,0.026133
19,0.56,7.4062,0.13502,188.71,264.32,5.9411,0.65877,0.92647,325.46,2.7689,2.02E-05,0.026136
19,0.57,7.5389,0.13264,188.68,264.29,5.9364,0.6588,0.92664,325.46,2.7683,2.02E-05,0.026138
19,0.58,7.6717,0.13035,188.66,264.27,5.9318,0.65882,0.92681,325.46,2.7678,2.02E-05,0.026141
19,0.59,7.8046,0.12813,188.64,264.24,5.9273,0.65885,0.92698,325.46,2.7673,2.02E-05,0.026143
19,0.6,7.9374,0.12599,188.62,264.22,5.9229,0.65888,0.92714,325.47,2.7667,2.02E-05,0.026146
19,0.61,8.0702,0.12391,188.6,264.19,5.9185,0.6589,0.92731,325.47,2.7662,2.02E-05,0.026149
19,0.62,8.2031,0.1219,188.58,264.16,5.9142,0.65893,0.92748,325.47,2.7657,2.02E-05,0.026151
19,0.63,8.336,0.11996,188.56,264.14,5.91,0.65895,0.92765,325.47,2.7651,2.03E-05,0.026154
19,0.64,8.4689,0.11808,188.54,264.11,5.9058,0.65898,0.92782,325.47,2.7646,2.03E-05,0.026157
19,0.65,8.6018,0.11625,188.52,264.09,5.9017,0.65901,0.92798,325.47,2.764,2.03E-05,0.026159
19,0.66,8.7348,0.11449,188.5,264.06,5.8977,0.65903,0.92815,325.47,2.7635,2.03E-05,0.026162
19,0.67,8.8677,0.11277,188.48,264.04,5.8937,0.65906,0.92832,325.47,2.763,2.03E-05,0.026165
19,0.68,9.0007,0.1111,188.46,264.01,5.8898,0.65908,0.92849,325.47,2.7624,2.03E-05,0.026167
19,0.69,9.1337,0.10948,188.44,263.98,5.8859,0.65911,0.92866,325.47,2.7619,2.03E-05,0.02617
19,0.7,9.2667,0.10791,188.42,263.96,5.8821,0.65914,0.92883,325.47,2.7613,2.03E-05,0.026173
19,0.71,9.3998,0.10639,188.4,263.93,5.8784,0.65916,0.929,325.47,2.7608,2.03E-05,0.026175
19,0.72,9.5328,0.1049,188.38,263.91,5.8747,0.65919,0.92916,325.47,2.7603,2.03E-05,0.026178
19,0.73,9.6659,0.10346,188.36,263.88,5.871,0.65921,0.92933,325.48,2.7597,2.03E-05,0.026181
19,0.74,9.799,0.10205,188.34,263.86,5.8674,0.65924,0.9295,325.48,2.7592,2.03E-05,0.026183
19,0.75,9.9321,0.10068,188.32,263.83,5.8638,0.65927,0.92967,325.48,2.7586,2.03E-05,0.026186
19,0.76,10.065,0.099352,188.3,263.8,5.8603,0.65929,0.92984,325.48,2.7581,2.03E-05,0.026189
19,0.77,10.198,0.098055,188.28,263.78,5.8569,0.65932,0.93001,325.48,2.7576,2.03E-05,0.026191
19,0.78,10.331,0.096791,188.26,263.75,5.8534,0.65934,0.93018,325.48,2.757,2.03E-05,0.026194
19,0.79,10.465,0.09556,188.24,263.73,5.8501,0.65937,0.93035,325.48,2.7565,2.03E-05,0.026197
19,0.8,10.598,0.094359,188.22,263.7,5.8467,0.6594,0.93052,325.48,2.7559,2.03E-05,0.0262
19,0.81,10.731,0.093187,188.19,263.68,5.8434,0.65942,0.93068,325.48,2.7554,2.03E-05,0.026202
19,0.82,10.864,0.092044,188.17,263.65,5.8402,0.65945,0.93085,325.48,2.7549,2.03E-05,0.026205
19,0.83,10.998,0.090929,188.15,263.63,5.8369,0.65947,0.93102,325.49,2.7543,2.03E-05,0.026208
19,0.84,11.131,0.089841,188.13,263.6,5.8338,0.6595,0.93119,325.49,2.7538,2.03E-05,0.026211
19,0.85,11.264,0.088777,188.11,263.57,5.8306,0.65952,0.93136,325.49,2.7532,2.03E-05,0.026213
19,0.86,11.397,0.087739,188.09,263.55,5.8275,0.65955,0.93153,325.49,2.7527,2.03E-05,0.026216
19,0.87,11.531,0.086725,188.07,263.52,5.8244,0.65958,0.9317,325.49,2.7521,2.03E-05,0.026219
19,0.88,11.664,0.085733,188.05,263.5,5.8214,0.6596,0.93187,325.49,2.7516,2.03E-05,0.026222
19,0.89,11.797,0.084764,188.03,263.47,5.8184,0.65963,0.93204,325.49,2.751,2.03E-05,0.026225
19,0.9,11.931,0.083816,188.01,263.45,5.8154,0.65965,0.93221,325.49,2.7505,2.03E-05,0.026227
19,0.91,12.064,0.08289,187.99,263.42,5.8125,0.65968,0.93238,325.49,2.75,2.03E-05,0.02623
19,0.92,12.198,0.081983,187.97,263.39,5.8096,0.65971,0.93255,325.5,2.7494,2.03E-05,0.026233
19,0.93,12.331,0.081096,187.95,263.37,5.8067,0.65973,0.93272,325.5,2.7489,2.03E-05,0.026236
19,0.94,12.465,0.080228,187.93,263.34,5.8038,0.65976,0.93289,325.5,2.7483,2.03E-05,0.026239
19,0.95,12.598,0.079378,187.91,263.32,5.801,0.65978,0.93306,325.5,2.7478,2.03E-05,0.026241
19,0.96,12.731,0.078545,187.89,263.29,5.7982,0.65981,0.93323,325.5,2.7472,2.03E-05,0.026244
19,0.97,12.865,0.07773,187.87,263.27,5.7955,0.65984,0.9334,325.5,2.7467,2.03E-05,0.026247
19,0.98,12.999,0.076932,187.85,263.24,5.7927,0.65986,0.93357,325.5,2.7461,2.03E-05,0.02625
19,0.99,13.132,0.07615,187.83,263.22,5.79,0.65989,0.93374,325.5,2.7456,2.03E-05,0.026253
19,1,13.266,0.075383,187.81,263.19,5.7873,0.65991,0.93391,325.51,2.745,2.03E-05,0.026256
20,0.01,0.13129,7.6165,190.48,266.65,6.9939,0.65748,0.91746,326,2.7794,2.02E-05,0.026085
20,0.02,0.26261,3.808,190.46,266.62,6.8138,0.65751,0.91762,326,2.7789,2.02E-05,0.026087
20,0.03,0.39394,2.5385,190.44,266.6,6.7084,0.65754,0.91778,326,2.7784,2.02E-05,0.026089
20,0.04,0.52529,1.9037,190.42,266.57,6.6335,0.65756,0.91795,326,2.7778,2.02E-05,0.026091
20,0.05,0.65665,1.5229,190.4,266.54,6.5755,0.65759,0.91811,326,2.7773,2.02E-05,0.026093
20,0.06,0.78804,1.269,190.38,266.52,6.528,0.65761,0.91827,326,2.7768,2.02E-05,0.026096
20,0.07,0.91944,1.0876,190.36,266.49,6.4879,0.65764,0.91844,326,2.7763,2.02E-05,0.026098
20,0.08,1.0509,0.9516,190.34,266.47,6.4532,0.65767,0.9186,326,2.7758,2.02E-05,0.0261
20,0.09,1.1823,0.8458,190.32,266.44,6.4225,0.65769,0.91877,326,2.7753,2.02E-05,0.026102
20,0.1,1.3138,0.76117,190.3,266.42,6.395,0.65772,0.91893,326,2.7747,2.02E-05,0.026105
20,0.11,1.4452,0.69193,190.28,266.39,6.3702,0.65774,0.9191,326,2.7742,2.02E-05,0.026107
20,0.12,1.5767,0.63422,190.26,266.37,6.3475,0.65777,0.91926,326,2.7737,2.02E-05,0.026109
20,0.13,1.7082,0.58539,190.24,266.34,6.3267,0.65779,0.91942,326,2.7732,2.02E-05,0.026112
20,0.14,1.8398,0.54354,190.22,266.31,6.3073,0.65782,0.91959,326,2.7727,2.02E-05,0.026114
20,0.15,1.9713,0.50727,190.2,266.29,6.2893,0.65785,0.91975,326,2.7722,2.02E-05,0.026116
20,0.16,2.1029,0.47553,190.18,266.26,6.2725,0.65787,0.91992,326,2.7716,2.02E-05,0.026118
20,0.17,2.2345,0.44753,190.16,266.24,6.2567,0.6579,0.92008,326,2.7711,2.02E-05,0.026121
20,0.18,2.3661,0.42264,190.14,266.21,6.2418,0.65792,0.92025,326,2.7706,2.02E-05,0.026123
20,0.19,2.4977,0.40037,190.12,266.19,6.2276,0.65795,0.92041,326,2.7701,2.02E-05,0.026125
20,0.2,2.6293,0.38032,190.1,266.16,6.2142,0.65798,0.92058,326,2.7696,2.02E-05,0.026128
20,0.21,2.761,0.36219,190.08,266.14,6.2015,0.658,0.92074,326,2.769,2.02E-05,0.02613
20,0.22,2.8927,0.3457,190.06,266.11,6.1893,0.65803,0.92091,326,2.7685,2.02E-05,0.026132
20,0.23,3.0244,0.33065,190.04,266.09,6.1777,0.65805,0.92107,326,2.768,2.02E-05,0.026135
20,0.24,3.1561,0.31685,190.02,266.06,6.1666,0.65808,0.92124,326,2.7675,2.02E-05,0.026137
20,0.25,3.2878,0.30415,190,266.03,6.1559,0.6581,0.9214,326,2.767,2.02E-05,0.026139
20,0.26,3.4196,0.29243,189.98,266.01,6.1457,0.65813,0.92157,326,2.7664,2.02E-05,0.026142
20,0.27,3.5513,0.28158,189.96,265.98,6.1358,0.65816,0.92173,326,2.7659,2.02E-05,0.026144
20,0.28,3.6831,0.27151,189.94,265.96,6.1263,0.65818,0.9219,326,2.7654,2.02E-05,0.026147
20,0.29,3.8149,0.26213,189.92,265.93,6.1171,0.65821,0.92206,326,2.7649,2.02E-05,0.026149
20,0.3,3.9467,0.25337,189.9,265.91,6.1082,0.65823,0.92223,326,2.7643,2.02E-05,0.026151
20,0.31,4.0786,0.24518,189.87,265.88,6.0996,0.65826,0.92239,326,2.7638,2.02E-05,0.026154
20,0.32,4.2104,0.2375,189.85,265.86,6.0913,0.65829,0.92256,326,2.7633,2.02E-05,0.026156
20,0.33,4.3423,0.23029,189.83,265.83,6.0832,0.65831,0.92272,326,2.7628,2.02E-05,0.026159
20,0.34,4.4742,0.2235,189.81,265.81,6.0754,0.65834,0.92289,326,2.7623,2.02E-05,0.026161
20,0.35,4.6061,0.2171,189.79,265.78,6.0678,0.65836,0.92305,326,2.7617,2.02E-05,0.026163
20,0.36,4.7381,0.21106,189.77,265.75,6.0604,0.65839,0.92322,326.01,2.7612,2.02E-05,0.026166
20,0.37,4.87,0.20534,189.75,265.73,6.0532,0.65841,0.92338,326.01,2.7607,2.02E-05,0.026168
20,0.38,5.002,0.19992,189.73,265.7,6.0462,0.65844,0.92355,326.01,2.7601,2.02E-05,0.026171
20,0.39,5.1339,0.19478,189.71,265.68,6.0394,0.65847,0.92371,326.01,2.7596,2.02E-05,0.026173
20,0.4,5.266,0.1899,189.69,265.65,6.0328,0.65849,0.92388,326.01,2.7591,2.03E-05,0.026176
20,0.41,5.398,0.18525,189.67,265.63,6.0263,0.65852,0.92405,326.01,2.7586,2.03E-05,0.026178
20,0.42,5.53,0.18083,189.65,265.6,6.0199,0.65854,0.92421,326.01,2.758,2.03E-05,0.026181
20,0.43,5.6621,0.17661,189.63,265.58,6.0138,0.65857,0.92438,326.01,2.7575,2.03E-05,0.026183
20,0.44,5.7941,0.17259,189.61,265.55,6.0077,0.65859,0.92454,326.01,2.757,2.03E-05,0.026186
20,0.45,5.9262,0.16874,189.59,265.52,6.0018,0.65862,0.92471,326.01,2.7565,2.03E-05,0.026188
20,0.46,6.0583,0.16506,189.57,265.5,5.996,0.65865,0.92487,326.01,2.7559,2.03E-05,0.026191
20,0.47,6.1905,0.16154,189.55,265.47,5.9904,0.65867,0.92504,326.01,2.7554,2.03E-05,0.026193
20,0.48,6.3226,0.15816,189.53,265.45,5.9848,0.6587,0.92521,326.01,2.7549,2.03E-05,0.026196
20,0.49,6.4548,0.15492,189.51,265.42,5.9794,0.65872,0.92537,326.01,2.7543,2.03E-05,0.026198
20,0.5,6.587,0.15182,189.49,265.4,5.9741,0.65875,0.92554,326.01,2.7538,2.03E-05,0.026201
20,0.51,6.7192,0.14883,189.47,265.37,5.9689,0.65877,0.92571,326.02,2.7533,2.03E-05,0.026203
20,0.52,6.8514,0.14596,189.45,265.35,5.9638,0.6588,0.92587,326.02,2.7528,2.03E-05,0.026206
20,0.53,6.9836,0.14319,189.43,265.32,5.9587,0.65883,0.92604,326.02,2.7522,2.03E-05,0.026208
20,0.54,7.1159,0.14053,189.41,265.3,5.9538,0.65885,0.9262,326.02,2.7517,2.03E-05,0.026211
20,0.55,7.2481,0.13797,189.39,265.27,5.949,0.65888,0.92637,326.02,2.7512,2.03E-05,0.026213
20,0.56,7.3804,0.13549,189.37,265.24,5.9442,0.6589,0.92654,326.02,2.7506,2.03E-05,0.026216
20,0.57,7.5127,0.13311,189.35,265.22,5.9396,0.65893,0.9267,326.02,2.7501,2.03E-05,0.026218
20,0.58,7.6451,0.1308,189.33,265.19,5.935,0.65895,0.92687,326.02,2.7496,2.03E-05,0.026221
20,0.59,7.7774,0.12858,189.31,265.17,5.9305,0.65898,0.92704,326.02,2.749,2.03E-05,0.026224
20,0.6,7.9098,0.12643,189.29,265.14,5.926,0.65901,0.9272,326.02,2.7485,2.03E-05,0.026226
20,0.61,8.0421,0.12434,189.27,265.12,5.9217,0.65903,0.92737,326.02,2.748,2.03E-05,0.026229
20,0.62,8.1745,0.12233,189.25,265.09,5.9174,0.65906,0.92754,326.02,2.7474,2.03E-05,0.026231
20,0.63,8.307,0.12038,189.23,265.07,5.9131,0.65908,0.9277,326.03,2.7469,2.03E-05,0.026234
20,0.64,8.4394,0.11849,189.21,265.04,5.909,0.65911,0.92787,326.03,2.7464,2.03E-05,0.026237
20,0.65,8.5718,0.11666,189.19,265.01,5.9049,0.65913,0.92804,326.03,2.7458,2.03E-05,0.026239
20,0.66,8.7043,0.11489,189.16,264.99,5.9008,0.65916,0.9282,326.03,2.7453,2.03E-05,0.026242
20,0.67,8.8368,0.11316,189.14,264.96,5.8969,0.65919,0.92837,326.03,2.7448,2.03E-05,0.026245
20,0.68,8.9693,0.11149,189.12,264.94,5.893,0.65921,0.92854,326.03,2.7442,2.03E-05,0.026247
20,0.69,9.1018,0.10987,189.1,264.91,5.8891,0.65924,0.92871,326.03,2.7437,2.03E-05,0.02625
20,0.7,9.2344,0.10829,189.08,264.89,5.8853,0.65926,0.92887,326.03,2.7431,2.03E-05,0.026253
20,0.71,9.3669,0.10676,189.06,264.86,5.8815,0.65929,0.92904,326.03,2.7426,2.03E-05,0.026255
20,0.72,9.4995,0.10527,189.04,264.84,5.8778,0.65931,0.92921,326.03,2.7421,2.03E-05,0.026258
20,0.73,9.6321,0.10382,189.02,264.81,5.8742,0.65934,0.92937,326.04,2.7415,2.03E-05,0.026261
20,0.74,9.7647,0.10241,189,264.79,5.8706,0.65937,0.92954,326.04,2.741,2.03E-05,0.026263
20,0.75,9.8973,0.10104,188.98,264.76,5.867,0.65939,0.92971,326.04,2.7405,2.03E-05,0.026266
20,0.76,10.03,0.099701,188.96,264.73,5.8635,0.65942,0.92988,326.04,2.7399,2.03E-05,0.026269
20,0.77,10.163,0.0984,188.94,264.71,5.86,0.65944,0.93004,326.04,2.7394,2.03E-05,0.026271
20,0.78,10.295,0.097131,188.92,264.68,5.8566,0.65947,0.93021,326.04,2.7388,2.03E-05,0.026274
20,0.79,10.428,0.095895,188.9,264.66,5.8532,0.65949,0.93038,326.04,2.7383,2.03E-05,0.026277
20,0.8,10.561,0.09469,188.88,264.63,5.8499,0.65952,0.93055,326.04,2.7378,2.03E-05,0.026279
20,0.81,10.693,0.093515,188.86,264.61,5.8466,0.65955,0.93071,326.04,2.7372,2.03E-05,0.026282
20,0.82,10.826,0.092368,188.84,264.58,5.8433,0.65957,0.93088,326.05,2.7367,2.03E-05,0.026285
20,0.83,10.959,0.091249,188.82,264.56,5.8401,0.6596,0.93105,326.05,2.7361,2.04E-05,0.026288
20,0.84,11.092,0.090157,188.8,264.53,5.8369,0.65962,0.93122,326.05,2.7356,2.04E-05,0.02629
20,0.85,11.225,0.08909,188.78,264.51,5.8338,0.65965,0.93138,326.05,2.7351,2.04E-05,0.026293
20,0.86,11.357,0.088048,188.76,264.48,5.8307,0.65967,0.93155,326.05,2.7345,2.04E-05,0.026296
20,0.87,11.49,0.08703,188.74,264.45,5.8276,0.6597,0.93172,326.05,2.734,2.04E-05,0.026299
20,0.88,11.623,0.086035,188.72,264.43,5.8246,0.65972,0.93189,326.05,2.7334,2.04E-05,0.026301
20,0.89,11.756,0.085063,188.7,264.4,5.8216,0.65975,0.93206,326.05,2.7329,2.04E-05,0.026304
20,0.9,11.889,0.084112,188.68,264.38,5.8186,0.65978,0.93222,326.06,2.7323,2.04E-05,0.026307
20,0.91,12.022,0.083182,188.66,264.35,5.8157,0.6598,0.93239,326.06,2.7318,2.04E-05,0.02631
20,0.92,12.155,0.082272,188.64,264.33,5.8128,0.65983,0.93256,326.06,2.7313,2.04E-05,0.026313
20,0.93,12.288,0.081382,188.62,264.3,5.8099,0.65985,0.93273,326.06,2.7307,2.04E-05,0.026315
20,0.94,12.421,0.080511,188.6,264.28,5.807,0.65988,0.9329,326.06,2.7302,2.04E-05,0.026318
20,0.95,12.554,0.079658,188.58,264.25,5.8042,0.6599,0.93307,326.06,2.7296,2.04E-05,0.026321
20,0.96,12.687,0.078823,188.56,264.23,5.8014,0.65993,0.93323,326.06,2.7291,2.04E-05,0.026324
20,0.97,12.82,0.078005,188.53,264.2,5.7987,0.65996,0.9334,326.07,2.7285,2.04E-05,0.026327
20,0.98,12.953,0.077204,188.51,264.17,5.7959,0.65998,0.93357,326.07,2.728,2.04E-05,0.02633
20,0.99,13.086,0.076419,188.49,264.15,5.7932,0.66001,0.93374,326.07,2.7274,2.04E-05,0.026332
20,1,13.219,0.07565,188.47,264.12,5.7905,0.66003,0.93391,326.07,2.7269,2.04E-05,0.026335
21,0.01,0.13085,7.6425,191.14,267.56,6.9971,0.65763,0.9176,326.54,2.7612,2.02E-05,0.026165
21,0.02,0.26171,3.821,191.12,267.54,6.8169,0.65765,0.91776,326.54,2.7607,2.02E-05,0.026168
21,0.03,0.3926,2.5471,191.1,267.51,6.7115,0.65768,0.91792,326.54,2.7601,2.02E-05,0.02617
21,0.04,0.5235,1.9102,191.08,267.49,6.6367,0.65771,0.91809,326.54,2.7596,2.02E-05,0.026172
21,0.05,0.65442,1.5281,191.06,267.46,6.5786,0.65773,0.91825,326.54,2.7591,2.02E-05,0.026174
21,0.06,0.78536,1.2733,191.04,267.44,6.5312,0.65776,0.91841,326.54,2.7586,2.02E-05,0.026176
21,0.07,0.91631,1.0913,191.02,267.41,6.491,0.65778,0.91857,326.54,2.7581,2.02E-05,0.026179
21,0.08,1.0473,0.95485,191,267.39,6.4563,0.65781,0.91874,326.54,2.7576,2.02E-05,0.026181
21,0.09,1.1783,0.8487,190.98,267.36,6.4256,0.65783,0.9189,326.54,2.7571,2.02E-05,0.026183
21,0.1,1.3093,0.76378,190.96,267.34,6.3982,0.65786,0.91906,326.54,2.7566,2.02E-05,0.026185
21,0.11,1.4403,0.6943,190.94,267.31,6.3733,0.65789,0.91923,326.54,2.756,2.02E-05,0.026188
21,0.12,1.5714,0.63639,190.92,267.29,6.3507,0.65791,0.91939,326.54,2.7555,2.02E-05,0.02619
21,0.13,1.7024,0.5874,190.9,267.26,6.3298,0.65794,0.91955,326.54,2.755,2.02E-05,0.026192
21,0.14,1.8335,0.54541,190.88,267.23,6.3105,0.65796,0.91971,326.55,2.7545,2.02E-05,0.026194
21,0.15,1.9646,0.50901,190.86,267.21,6.2925,0.65799,0.91988,326.55,2.754,2.02E-05,0.026197
21,0.16,2.0957,0.47717,190.84,267.18,6.2756,0.65801,0.92004,326.55,2.7535,2.03E-05,0.026199
21,0.17,2.2268,0.44907,190.82,267.16,6.2598,0.65804,0.9202,326.55,2.7529,2.03E-05,0.026201
21,0.18,2.358,0.42409,190.8,267.13,6.2449,0.65806,0.92037,326.55,2.7524,2.03E-05,0.026204
21,0.19,2.4892,0.40174,190.78,267.11,6.2308,0.65809,0.92053,326.55,2.7519,2.03E-05,0.026206
21,0.2,2.6203,0.38163,190.76,267.08,6.2174,0.65812,0.92069,326.55,2.7514,2.03E-05,0.026208
21,0.21,2.7516,0.36343,190.74,267.06,6.2046,0.65814,0.92086,326.55,2.7509,2.03E-05,0.026211
21,0.22,2.8828,0.34689,190.72,267.03,6.1925,0.65817,0.92102,326.55,2.7504,2.03E-05,0.026213
21,0.23,3.014,0.33178,190.7,267.01,6.1809,0.65819,0.92118,326.55,2.7498,2.03E-05,0.026215
21,0.24,3.1453,0.31794,190.68,266.98,6.1697,0.65822,0.92135,326.55,2.7493,2.03E-05,0.026218
21,0.25,3.2765,0.3052,190.66,266.96,6.1591,0.65824,0.92151,326.55,2.7488,2.03E-05,0.02622
21,0.26,3.4078,0.29344,190.64,266.93,6.1488,0.65827,0.92167,326.55,2.7483,2.03E-05,0.026222
21,0.27,3.5392,0.28255,190.62,266.91,6.1389,0.65829,0.92184,326.55,2.7478,2.03E-05,0.026225
21,0.28,3.6705,0.27244,190.6,266.88,6.1294,0.65832,0.922,326.55,2.7472,2.03E-05,0.026227
21,0.29,3.8018,0.26303,190.58,266.85,6.1202,0.65835,0.92217,326.55,2.7467,2.03E-05,0.026229
21,0.3,3.9332,0.25425,190.56,266.83,6.1113,0.65837,0.92233,326.55,2.7462,2.03E-05,0.026232
21,0.31,4.0646,0.24603,190.54,266.8,6.1028,0.6584,0.92249,326.55,2.7457,2.03E-05,0.026234
21,0.32,4.196,0.23832,190.52,266.78,6.0944,0.65842,0.92266,326.55,2.7452,2.03E-05,0.026237
21,0.33,4.3274,0.23109,190.49,266.75,6.0864,0.65845,0.92282,326.56,2.7446,2.03E-05,0.026239
21,0.34,4.4588,0.22427,190.47,266.73,6.0785,0.65847,0.92299,326.56,2.7441,2.03E-05,0.026241
21,0.35,4.5903,0.21785,190.45,266.7,6.0709,0.6585,0.92315,326.56,2.7436,2.03E-05,0.026244
21,0.36,4.7218,0.21179,190.43,266.68,6.0636,0.65852,0.92331,326.56,2.7431,2.03E-05,0.026246
21,0.37,4.8532,0.20605,190.41,266.65,6.0564,0.65855,0.92348,326.56,2.7425,2.03E-05,0.026249
21,0.38,4.9847,0.20061,190.39,266.63,6.0494,0.65858,0.92364,326.56,2.742,2.03E-05,0.026251
21,0.39,5.1163,0.19545,190.37,266.6,6.0426,0.6586,0.92381,326.56,2.7415,2.03E-05,0.026254
21,0.4,5.2478,0.19056,190.35,266.58,6.0359,0.65863,0.92397,326.56,2.741,2.03E-05,0.026256
21,0.41,5.3794,0.1859,190.33,266.55,6.0294,0.65865,0.92413,326.56,2.7404,2.03E-05,0.026258
21,0.42,5.5109,0.18146,190.31,266.53,6.0231,0.65868,0.9243,326.56,2.7399,2.03E-05,0.026261
21,0.43,5.6425,0.17723,190.29,266.5,6.0169,0.6587,0.92446,326.56,2.7394,2.03E-05,0.026263
21,0.44,5.7742,0.17319,190.27,266.47,6.0109,0.65873,0.92463,326.56,2.7389,2.03E-05,0.026266
21,0.45,5.9058,0.16933,190.25,266.45,6.005,0.65875,0.92479,326.56,2.7383,2.03E-05,0.026268
21,0.46,6.0374,0.16563,190.23,266.42,5.9992,0.65878,0.92496,326.57,2.7378,2.03E-05,0.026271
21,0.47,6.1691,0.1621,190.21,266.4,5.9935,0.65881,0.92512,326.57,2.7373,2.03E-05,0.026273
21,0.48,6.3008,0.15871,190.19,266.37,5.988,0.65883,0.92529,326.57,2.7368,2.03E-05,0.026276
21,0.49,6.4325,0.15546,190.17,266.35,5.9826,0.65886,0.92545,326.57,2.7362,2.03E-05,0.026278
21,0.5,6.5642,0.15234,190.15,266.32,5.9772,0.65888,0.92562,326.57,2.7357,2.03E-05,0.026281
21,0.51,6.6959,0.14934,190.13,266.3,5.972,0.65891,0.92578,326.57,2.7352,2.03E-05,0.026283
21,0.52,6.8277,0.14646,190.11,266.27,5.9669,0.65893,0.92594,326.57,2.7347,2.03E-05,0.026286
21,0.53,6.9595,0.14369,190.09,266.25,5.9619,0.65896,0.92611,326.57,2.7341,2.03E-05,0.026288
21,0.54,7.0912,0.14102,190.07,266.22,5.957,0.65898,0.92627,326.57,2.7336,2.03E-05,0.026291
21,0.55,7.223,0.13845,190.05,266.2,5.9521,0.65901,0.92644,326.57,2.7331,2.03E-05,0.026294
21,0.56,7.3549,0.13596,190.03,266.17,5.9474,0.65903,0.9266,326.57,2.7325,2.03E-05,0.026296
21,0.57,7.4867,0.13357,190.01,266.15,5.9427,0.65906,0.92677,326.58,2.732,2.03E-05,0.026299
21,0.58,7.6186,0.13126,189.99,266.12,5.9381,0.65909,0.92693,326.58,2.7315,2.03E-05,0.026301
21,0.59,7.7504,0.12902,189.97,266.09,5.9336,0.65911,0.9271,326.58,2.7309,2.04E-05,0.026304
21,0.6,7.8823,0.12687,189.95,266.07,5.9292,0.65914,0.92727,326.58,2.7304,2.04E-05,0.026306
21,0.61,8.0142,0.12478,189.93,266.04,5.9248,0.65916,0.92743,326.58,2.7299,2.04E-05,0.026309
21,0.62,8.1462,0.12276,189.91,266.02,5.9205,0.65919,0.9276,326.58,2.7294,2.04E-05,0.026312
21,0.63,8.2781,0.1208,189.89,265.99,5.9163,0.65921,0.92776,326.58,2.7288,2.04E-05,0.026314
21,0.64,8.4101,0.1189,189.87,265.97,5.9121,0.65924,0.92793,326.58,2.7283,2.04E-05,0.026317
21,0.65,8.5421,0.11707,189.85,265.94,5.908,0.65926,0.92809,326.58,2.7278,2.04E-05,0.026319
21,0.66,8.6741,0.11529,189.83,265.92,5.904,0.65929,0.92826,326.59,2.7272,2.04E-05,0.026322
21,0.67,8.8061,0.11356,189.81,265.89,5.9,0.65932,0.92842,326.59,2.7267,2.04E-05,0.026325
21,0.68,8.9381,0.11188,189.79,265.87,5.8961,0.65934,0.92859,326.59,2.7262,2.04E-05,0.026327
21,0.69,9.0702,0.11025,189.77,265.84,5.8923,0.65937,0.92875,326.59,2.7256,2.04E-05,0.02633
21,0.7,9.2022,0.10867,189.75,265.82,5.8884,0.65939,0.92892,326.59,2.7251,2.04E-05,0.026333
21,0.71,9.3343,0.10713,189.73,265.79,5.8847,0.65942,0.92909,326.59,2.7246,2.04E-05,0.026335
21,0.72,9.4664,0.10564,189.71,265.77,5.881,0.65944,0.92925,326.59,2.724,2.04E-05,0.026338
21,0.73,9.5985,0.10418,189.69,265.74,5.8773,0.65947,0.92942,326.59,2.7235,2.04E-05,0.02634
21,0.74,9.7307,0.10277,189.67,265.72,5.8737,0.65949,0.92958,326.6,2.7229,2.04E-05,0.026343
21,0.75,9.8628,0.10139,189.65,265.69,5.8702,0.65952,0.92975,326.6,2.7224,2.04E-05,0.026346
21,0.76,9.995,0.10005,189.63,265.66,5.8667,0.65954,0.92992,326.6,2.7219,2.04E-05,0.026349
21,0.77,10.127,0.098744,189.61,265.64,5.8632,0.65957,0.93008,326.6,2.7213,2.04E-05,0.026351
21,0.78,10.259,0.097471,189.59,265.61,5.8598,0.6596,0.93025,326.6,2.7208,2.04E-05,0.026354
21,0.79,10.392,0.096231,189.57,265.59,5.8564,0.65962,0.93041,326.6,2.7203,2.04E-05,0.026357
21,0.8,10.524,0.095022,189.55,265.56,5.8531,0.65965,0.93058,326.6,2.7197,2.04E-05,0.026359
21,0.81,10.656,0.093843,189.53,265.54,5.8498,0.65967,0.93075,326.6,2.7192,2.04E-05,0.026362
21,0.82,10.788,0.092692,189.51,265.51,5.8465,0.6597,0.93091,326.61,2.7187,2.04E-05,0.026365
21,0.83,10.921,0.091569,189.49,265.49,5.8433,0.65972,0.93108,326.61,2.7181,2.04E-05,0.026367
21,0.84,11.053,0.090473,189.46,265.46,5.8401,0.65975,0.93124,326.61,2.7176,2.04E-05,0.02637
21,0.85,11.185,0.089403,189.44,265.44,5.837,0.65977,0.93141,326.61,2.717,2.04E-05,0.026373
21,0.86,11.318,0.088357,189.42,265.41,5.8339,0.6598,0.93158,326.61,2.7165,2.04E-05,0.026376
21,0.87,11.45,0.087336,189.4,265.39,5.8308,0.65982,0.93174,326.61,2.716,2.04E-05,0.026378
21,0.88,11.582,0.086338,189.38,265.36,5.8278,0.65985,0.93191,326.61,2.7154,2.04E-05,0.026381
21,0.89,11.715,0.085362,189.36,265.34,5.8247,0.65987,0.93208,326.62,2.7149,2.04E-05,0.026384
21,0.9,11.847,0.084408,189.34,265.31,5.8218,0.6599,0.93224,326.62,2.7143,2.04E-05,0.026387
21,0.91,11.98,0.083475,189.32,265.28,5.8188,0.65993,0.93241,326.62,2.7138,2.04E-05,0.02639
21,0.92,12.112,0.082562,189.3,265.26,5.8159,0.65995,0.93258,326.62,2.7133,2.04E-05,0.026392
21,0.93,12.245,0.081669,189.28,265.23,5.8131,0.65998,0.93274,326.62,2.7127,2.04E-05,0.026395
21,0.94,12.377,0.080794,189.26,265.21,5.8102,0.66,0.93291,326.62,2.7122,2.04E-05,0.026398
21,0.95,12.51,0.079939,189.24,265.18,5.8074,0.66003,0.93308,326.63,2.7116,2.04E-05,0.026401
21,0.96,12.642,0.079101,189.22,265.16,5.8046,0.66005,0.93324,326.63,2.7111,2.04E-05,0.026404
21,0.97,12.775,0.07828,189.2,265.13,5.8018,0.66008,0.93341,326.63,2.7105,2.04E-05,0.026406
21,0.98,12.907,0.077476,189.18,265.11,5.7991,0.6601,0.93358,326.63,2.71,2.04E-05,0.026409
21,0.99,13.04,0.076688,189.16,265.08,5.7964,0.66013,0.93374,326.63,2.7095,2.04E-05,0.026412
21,1,13.172,0.075916,189.14,265.06,5.7937,0.66015,0.93391,326.63,2.7089,2.04E-05,0.026415
22,0.01,0.1304,7.6685,191.8,268.48,7.0002,0.65778,0.91774,327.09,2.7431,2.03E-05,0.026246
22,0.02,0.26083,3.834,191.78,268.46,6.82,0.6578,0.9179,327.09,2.7426,2.03E-05,0.026248
22,0.03,0.39127,2.5558,191.76,268.43,6.7146,0.65783,0.91807,327.09,2.7421,2.03E-05,0.02625
22,0.04,0.52172,1.9167,191.74,268.41,6.6398,0.65785,0.91823,327.09,2.7416,2.03E-05,0.026253
22,0.05,0.6522,1.5333,191.72,268.38,6.5817,0.65788,0.91839,327.09,2.7411,2.03E-05,0.026255
22,0.06,0.78269,1.2776,191.7,268.36,6.5343,0.6579,0.91855,327.09,2.7406,2.03E-05,0.026257
22,0.07,0.9132,1.0951,191.68,268.33,6.4942,0.65793,0.91871,327.09,2.74,2.03E-05,0.026259
22,0.08,1.0437,0.95811,191.66,268.31,6.4594,0.65795,0.91887,327.09,2.7395,2.03E-05,0.026262
22,0.09,1.1743,0.85159,191.64,268.28,6.4287,0.65798,0.91903,327.09,2.739,2.03E-05,0.026264
22,0.1,1.3048,0.76638,191.62,268.26,6.4013,0.658,0.9192,327.09,2.7385,2.03E-05,0.026266
22,0.11,1.4354,0.69666,191.6,268.23,6.3765,0.65803,0.91936,327.09,2.738,2.03E-05,0.026268
22,0.12,1.566,0.63857,191.58,268.2,6.3538,0.65805,0.91952,327.09,2.7375,2.03E-05,0.026271
22,0.13,1.6966,0.58941,191.56,268.18,6.3329,0.65808,0.91968,327.09,2.737,2.03E-05,0.026273
22,0.14,1.8273,0.54727,191.54,268.15,6.3136,0.65811,0.91984,327.09,2.7365,2.03E-05,0.026275
22,0.15,1.9579,0.51075,191.52,268.13,6.2956,0.65813,0.92,327.09,2.7359,2.03E-05,0.026277
22,0.16,2.0886,0.4788,191.5,268.1,6.2788,0.65816,0.92017,327.09,2.7354,2.03E-05,0.02628
22,0.17,2.2193,0.4506,191.48,268.08,6.2629,0.65818,0.92033,327.09,2.7349,2.03E-05,0.026282
22,0.18,2.35,0.42554,191.46,268.05,6.248,0.65821,0.92049,327.09,2.7344,2.03E-05,0.026284
22,0.19,2.4807,0.40312,191.44,268.03,6.2339,0.65823,0.92065,327.1,2.7339,2.03E-05,0.026286
22,0.2,2.6114,0.38293,191.42,268,6.2205,0.65826,0.92081,327.1,2.7334,2.03E-05,0.026289
22,0.21,2.7422,0.36468,191.4,267.98,6.2078,0.65828,0.92098,327.1,2.7329,2.03E-05,0.026291
22,0.22,2.8729,0.34808,191.38,267.95,6.1956,0.65831,0.92114,327.1,2.7323,2.03E-05,0.026293
22,0.23,3.0037,0.33292,191.36,267.93,6.184,0.65833,0.9213,327.1,2.7318,2.03E-05,0.026296
22,0.24,3.1345,0.31903,191.34,267.9,6.1729,0.65836,0.92146,327.1,2.7313,2.03E-05,0.026298
22,0.25,3.2654,0.30625,191.32,267.88,6.1622,0.65838,0.92162,327.1,2.7308,2.03E-05,0.0263
22,0.26,3.3962,0.29445,191.3,267.85,6.1519,0.65841,0.92179,327.1,2.7303,2.03E-05,0.026303
22,0.27,3.5271,0.28352,191.28,267.83,6.1421,0.65843,0.92195,327.1,2.7298,2.03E-05,0.026305
22,0.28,3.6579,0.27338,191.26,267.8,6.1325,0.65846,0.92211,327.1,2.7292,2.03E-05,0.026307
22,0.29,3.7888,0.26393,191.24,267.78,6.1234,0.65849,0.92227,327.1,2.7287,2.03E-05,0.02631
22,0.3,3.9197,0.25512,191.22,267.75,6.1145,0.65851,0.92244,327.1,2.7282,2.03E-05,0.026312
22,0.31,4.0507,0.24687,191.2,267.73,6.1059,0.65854,0.9226,327.1,2.7277,2.03E-05,0.026315
22,0.32,4.1816,0.23914,191.18,267.7,6.0976,0.65856,0.92276,327.1,2.7272,2.03E-05,0.026317
22,0.33,4.3126,0.23188,191.16,267.68,6.0895,0.65859,0.92292,327.11,2.7266,2.03E-05,0.026319
22,0.34,4.4436,0.22505,191.14,267.65,6.0817,0.65861,0.92309,327.11,2.7261,2.03E-05,0.026322
22,0.35,4.5745,0.2186,191.12,267.63,6.0741,0.65864,0.92325,327.11,2.7256,2.04E-05,0.026324
22,0.36,4.7056,0.21251,191.1,267.6,6.0667,0.65866,0.92341,327.11,2.7251,2.04E-05,0.026327
22,0.37,4.8366,0.20676,191.08,267.58,6.0595,0.65869,0.92357,327.11,2.7246,2.04E-05,0.026329
22,0.38,4.9676,0.2013,191.06,267.55,6.0525,0.65871,0.92374,327.11,2.724,2.04E-05,0.026331
22,0.39,5.0987,0.19613,191.04,267.53,6.0457,0.65874,0.9239,327.11,2.7235,2.04E-05,0.026334
22,0.4,5.2298,0.19121,191.02,267.5,6.039,0.65876,0.92406,327.11,2.723,2.04E-05,0.026336
22,0.41,5.3609,0.18654,191,267.47,6.0326,0.65879,0.92423,327.11,2.7225,2.04E-05,0.026339
22,0.42,5.492,0.18208,190.98,267.45,6.0262,0.65881,0.92439,327.11,2.7219,2.04E-05,0.026341
22,0.43,5.6232,0.17784,190.96,267.42,6.0201,0.65884,0.92455,327.12,2.7214,2.04E-05,0.026344
22,0.44,5.7543,0.17378,190.93,267.4,6.014,0.65887,0.92471,327.12,2.7209,2.04E-05,0.026346
22,0.45,5.8855,0.16991,190.91,267.37,6.0081,0.65889,0.92488,327.12,2.7204,2.04E-05,0.026349
22,0.46,6.0167,0.16621,190.89,267.35,6.0023,0.65892,0.92504,327.12,2.7199,2.04E-05,0.026351
22,0.47,6.1479,0.16266,190.87,267.32,5.9967,0.65894,0.9252,327.12,2.7193,2.04E-05,0.026354
22,0.48,6.2791,0.15926,190.85,267.3,5.9911,0.65897,0.92537,327.12,2.7188,2.04E-05,0.026356
22,0.49,6.4103,0.156,190.83,267.27,5.9857,0.65899,0.92553,327.12,2.7183,2.04E-05,0.026359
22,0.5,6.5416,0.15287,190.81,267.25,5.9804,0.65902,0.92569,327.12,2.7178,2.04E-05,0.026361
22,0.51,6.6729,0.14986,190.79,267.22,5.9752,0.65904,0.92586,327.12,2.7172,2.04E-05,0.026364
22,0.52,6.8042,0.14697,190.77,267.2,5.9701,0.65907,0.92602,327.12,2.7167,2.04E-05,0.026366
22,0.53,6.9355,0.14419,190.75,267.17,5.965,0.65909,0.92618,327.13,2.7162,2.04E-05,0.026369
22,0.54,7.0668,0.14151,190.73,267.15,5.9601,0.65912,0.92635,327.13,2.7156,2.04E-05,0.026371
22,0.55,7.1981,0.13892,190.71,267.12,5.9553,0.65914,0.92651,327.13,2.7151,2.04E-05,0.026374
22,0.56,7.3295,0.13644,190.69,267.1,5.9505,0.65917,0.92667,327.13,2.7146,2.04E-05,0.026376
22,0.57,7.4609,0.13403,190.67,267.07,5.9459,0.65919,0.92684,327.13,2.7141,2.04E-05,0.026379
22,0.58,7.5923,0.13171,190.65,267.05,5.9413,0.65922,0.927,327.13,2.7135,2.04E-05,0.026381
22,0.59,7.7237,0.12947,190.63,267.02,5.9368,0.65924,0.92717,327.13,2.713,2.04E-05,0.026384
22,0.6,7.8551,0.12731,190.61,267,5.9323,0.65927,0.92733,327.13,2.7125,2.04E-05,0.026386
22,0.61,7.9865,0.12521,190.59,266.97,5.928,0.65929,0.92749,327.14,2.712,2.04E-05,0.026389
22,0.62,8.118,0.12318,190.57,266.95,5.9237,0.65932,0.92766,327.14,2.7114,2.04E-05,0.026392
22,0.63,8.2495,0.12122,190.55,266.92,5.9195,0.65935,0.92782,327.14,2.7109,2.04E-05,0.026394
22,0.64,8.381,0.11932,190.53,266.9,5.9153,0.65937,0.92799,327.14,2.7104,2.04E-05,0.026397
22,0.65,8.5125,0.11747,190.51,266.87,5.9112,0.6594,0.92815,327.14,2.7098,2.04E-05,0.026399
22,0.66,8.644,0.11569,190.49,266.85,5.9072,0.65942,0.92831,327.14,2.7093,2.04E-05,0.026402
22,0.67,8.7756,0.11395,190.47,266.82,5.9032,0.65945,0.92848,327.14,2.7088,2.04E-05,0.026405
22,0.68,8.9072,0.11227,190.45,266.8,5.8993,0.65947,0.92864,327.14,2.7082,2.04E-05,0.026407
22,0.69,9.0387,0.11063,190.43,266.77,5.8954,0.6595,0.92881,327.15,2.7077,2.04E-05,0.02641
22,0.7,9.1703,0.10905,190.41,266.75,5.8916,0.65952,0.92897,327.15,2.7072,2.04E-05,0.026412
22,0.71,9.302,0.1075,190.39,266.72,5.8878,0.65955,0.92913,327.15,2.7066,2.04E-05,0.026415
22,0.72,9.4336,0.106,190.37,266.7,5.8841,0.65957,0.9293,327.15,2.7061,2.04E-05,0.026418
22,0.73,9.5652,0.10455,190.35,266.67,5.8805,0.6596,0.92946,327.15,2.7056,2.04E-05,0.02642
22,0.74,9.6969,0.10313,190.33,266.64,5.8769,0.65962,0.92963,327.15,2.705,2.04E-05,0.026423
22,0.75,9.8286,0.10174,190.31,266.62,5.8733,0.65965,0.92979,327.15,2.7045,2.04E-05,0.026426
22,0.76,9.9603,0.1004,190.29,266.59,5.8698,0.65967,0.92996,327.16,2.704,2.04E-05,0.026428
22,0.77,10.092,0.099088,190.27,266.57,5.8664,0.6597,0.93012,327.16,2.7034,2.04E-05,0.026431
22,0.78,10.224,0.097811,190.25,266.54,5.8629,0.65972,0.93029,327.16,2.7029,2.04E-05,0.026434
22,0.79,10.356,0.096567,190.23,266.52,5.8596,0.65975,0.93045,327.16,2.7024,2.05E-05,0.026436
22,0.8,10.487,0.095354,190.21,266.49,5.8562,0.65977,0.93062,327.16,2.7018,2.05E-05,0.026439
22,0.81,10.619,0.09417,190.19,266.47,5.8529,0.6598,0.93078,327.16,2.7013,2.05E-05,0.026442
22,0.82,10.751,0.093016,190.17,266.44,5.8497,0.65982,0.93095,327.17,2.7008,2.05E-05,0.026445
22,0.83,10.883,0.091889,190.15,266.42,5.8465,0.65985,0.93111,327.17,2.7002,2.05E-05,0.026447
22,0.84,11.015,0.090789,190.13,266.39,5.8433,0.65988,0.93128,327.17,2.6997,2.05E-05,0.02645
22,0.85,11.146,0.089715,190.11,266.37,5.8401,0.6599,0.93144,327.17,2.6992,2.05E-05,0.026453
22,0.86,11.278,0.088666,190.09,266.34,5.837,0.65993,0.93161,327.17,2.6986,2.05E-05,0.026455
22,0.87,11.41,0.087641,190.07,266.32,5.834,0.65995,0.93177,327.17,2.6981,2.05E-05,0.026458
22,0.88,11.542,0.08664,190.05,266.29,5.8309,0.65998,0.93194,327.17,2.6976,2.05E-05,0.026461
22,0.89,11.674,0.085661,190.03,266.27,5.8279,0.66,0.9321,327.18,2.697,2.05E-05,0.026464
22,0.9,11.806,0.084703,190.01,266.24,5.8249,0.66003,0.93227,327.18,2.6965,2.05E-05,0.026466
22,0.91,11.938,0.083767,189.99,266.22,5.822,0.66005,0.93243,327.18,2.6959,2.05E-05,0.026469
22,0.92,12.07,0.082851,189.97,266.19,5.8191,0.66008,0.9326,327.18,2.6954,2.05E-05,0.026472
22,0.93,12.202,0.081955,189.95,266.17,5.8162,0.6601,0.93276,327.18,2.6949,2.05E-05,0.026475
22,0.94,12.334,0.081078,189.93,266.14,5.8134,0.66013,0.93293,327.19,2.6943,2.05E-05,0.026478
22,0.95,12.466,0.080219,189.91,266.12,5.8106,0.66015,0.93309,327.19,2.6938,2.05E-05,0.02648
22,0.96,12.598,0.079378,189.89,266.09,5.8078,0.66018,0.93326,327.19,2.6932,2.05E-05,0.026483
22,0.97,12.73,0.078555,189.87,266.07,5.805,0.6602,0.93342,327.19,2.6927,2.05E-05,0.026486
22,0.98,12.862,0.077748,189.85,266.04,5.8023,0.66023,0.93359,327.19,2.6922,2.05E-05,0.026489
22,0.99,12.994,0.076958,189.83,266.02,5.7996,0.66025,0.93375,327.19,2.6916,2.05E-05,0.026492
22,1,13.126,0.076183,189.81,265.99,5.7969,0.66028,0.93392,327.2,2.6911,2.05E-05,0.026494
23,0.01,0.12996,7.6944,192.46,269.4,7.0033,0.65792,0.91789,327.63,2.7252,2.03E-05,0.026327
23,0.02,0.25995,3.847,192.44,269.37,6.8231,0.65795,0.91805,327.63,2.7247,2.03E-05,0.026329
23,0.03,0.38994,2.5645,192.42,269.35,6.7177,0.65797,0.91821,327.63,2.7242,2.03E-05,0.026331
23,0.04,0.51996,1.9232,192.4,269.32,6.6429,0.658,0.91837,327.63,2.7237,2.03E-05,0.026333
23,0.05,0.64999,1.5385,192.38,269.3,6.5848,0.65802,0.91853,327.63,2.7232,2.03E-05,0.026336
23,0.06,0.78004,1.282,192.36,269.27,6.5374,0.65805,0.91869,327.63,2.7227,2.03E-05,0.026338
23,0.07,0.91011,1.0988,192.34,269.25,6.4973,0.65807,0.91885,327.63,2.7221,2.03E-05,0.02634
23,0.08,1.0402,0.96136,192.32,269.22,6.4625,0.6581,0.91901,327.63,2.7216,2.03E-05,0.026342
23,0.09,1.1703,0.85449,192.3,269.2,6.4318,0.65812,0.91917,327.63,2.7211,2.03E-05,0.026344
23,0.1,1.3004,0.76899,192.28,269.17,6.4044,0.65815,0.91933,327.63,2.7206,2.03E-05,0.026347
23,0.11,1.4305,0.69903,192.26,269.15,6.3796,0.65817,0.91949,327.64,2.7201,2.04E-05,0.026349
23,0.12,1.5607,0.64074,192.24,269.12,6.3569,0.6582,0.91965,327.64,2.7196,2.04E-05,0.026351
23,0.13,1.6909,0.59141,192.22,269.1,6.336,0.65822,0.91981,327.64,2.7191,2.04E-05,0.026353
23,0.14,1.8211,0.54913,192.2,269.07,6.3167,0.65825,0.91997,327.64,2.7186,2.04E-05,0.026356
23,0.15,1.9513,0.51249,192.18,269.05,6.2987,0.65828,0.92013,327.64,2.7181,2.04E-05,0.026358
23,0.16,2.0815,0.48043,192.16,269.02,6.2819,0.6583,0.92029,327.64,2.7175,2.04E-05,0.02636
23,0.17,2.2117,0.45214,192.14,269,6.266,0.65833,0.92045,327.64,2.717,2.04E-05,0.026362
23,0.18,2.342,0.42699,192.12,268.97,6.2511,0.65835,0.92061,327.64,2.7165,2.04E-05,0.026365
23,0.19,2.4722,0.40449,192.1,268.95,6.237,0.65838,0.92077,327.64,2.716,2.04E-05,0.026367
23,0.2,2.6025,0.38424,192.08,268.92,6.2236,0.6584,0.92093,327.64,2.7155,2.04E-05,0.026369
23,0.21,2.7328,0.36592,192.06,268.9,6.2109,0.65843,0.9211,327.64,2.715,2.04E-05,0.026372
23,0.22,2.8632,0.34926,192.04,268.87,6.1987,0.65845,0.92126,327.64,2.7145,2.04E-05,0.026374
23,0.23,2.9935,0.33406,192.02,268.85,6.1871,0.65848,0.92142,327.65,2.714,2.04E-05,0.026376
23,0.24,3.1239,0.32012,192,268.82,6.176,0.6585,0.92158,327.65,2.7134,2.04E-05,0.026379
23,0.25,3.2542,0.30729,191.98,268.8,6.1653,0.65853,0.92174,327.65,2.7129,2.04E-05,0.026381
23,0.26,3.3846,0.29545,191.96,268.77,6.155,0.65855,0.9219,327.65,2.7124,2.04E-05,0.026383
23,0.27,3.515,0.28449,191.94,268.75,6.1452,0.65858,0.92206,327.65,2.7119,2.04E-05,0.026386
23,0.28,3.6455,0.27431,191.92,268.72,6.1357,0.6586,0.92222,327.65,2.7114,2.04E-05,0.026388
23,0.29,3.7759,0.26484,191.9,268.7,6.1265,0.65863,0.92238,327.65,2.7109,2.04E-05,0.02639
23,0.3,3.9064,0.25599,191.88,268.67,6.1176,0.65865,0.92254,327.65,2.7103,2.04E-05,0.026393
23,0.31,4.0368,0.24772,191.86,268.65,6.109,0.65868,0.9227,327.65,2.7098,2.04E-05,0.026395
23,0.32,4.1673,0.23996,191.84,268.62,6.1007,0.6587,0.92287,327.65,2.7093,2.04E-05,0.026397
23,0.33,4.2979,0.23267,191.82,268.6,6.0926,0.65873,0.92303,327.65,2.7088,2.04E-05,0.0264
23,0.34,4.4284,0.22582,191.8,268.57,6.0848,0.65875,0.92319,327.66,2.7083,2.04E-05,0.026402
23,0.35,4.5589,0.21935,191.78,268.55,6.0772,0.65878,0.92335,327.66,2.7078,2.04E-05,0.026405
23,0.36,4.6895,0.21324,191.76,268.52,6.0698,0.6588,0.92351,327.66,2.7072,2.04E-05,0.026407
23,0.37,4.8201,0.20747,191.74,268.5,6.0626,0.65883,0.92367,327.66,2.7067,2.04E-05,0.026409
23,0.38,4.9507,0.20199,191.72,268.47,6.0556,0.65885,0.92383,327.66,2.7062,2.04E-05,0.026412
23,0.39,5.0813,0.1968,191.7,268.45,6.0488,0.65888,0.924,327.66,2.7057,2.04E-05,0.026414
23,0.4,5.2119,0.19187,191.68,268.42,6.0422,0.6589,0.92416,327.66,2.7052,2.04E-05,0.026417
23,0.41,5.3426,0.18718,191.66,268.4,6.0357,0.65893,0.92432,327.66,2.7046,2.04E-05,0.026419
23,0.42,5.4732,0.18271,191.64,268.37,6.0294,0.65895,0.92448,327.66,2.7041,2.04E-05,0.026422
23,0.43,5.6039,0.17845,191.62,268.35,6.0232,0.65898,0.92464,327.67,2.7036,2.04E-05,0.026424
23,0.44,5.7346,0.17438,191.6,268.32,6.0171,0.659,0.9248,327.67,2.7031,2.04E-05,0.026426
23,0.45,5.8653,0.17049,191.58,268.3,6.0112,0.65903,0.92497,327.67,2.7026,2.04E-05,0.026429
23,0.46,5.996,0.16678,191.56,268.27,6.0055,0.65905,0.92513,327.67,2.702,2.04E-05,0.026431
23,0.47,6.1268,0.16322,191.54,268.25,5.9998,0.65908,0.92529,327.67,2.7015,2.04E-05,0.026434
23,0.48,6.2576,0.15981,191.52,268.22,5.9943,0.6591,0.92545,327.67,2.701,2.04E-05,0.026436
23,0.49,6.3883,0.15654,191.5,268.2,5.9888,0.65913,0.92561,327.67,2.7005,2.04E-05,0.026439
23,0.5,6.5191,0.15339,191.48,268.17,5.9835,0.65915,0.92577,327.67,2.6999,2.04E-05,0.026441
23,0.51,6.65,0.15038,191.46,268.15,5.9783,0.65918,0.92594,327.68,2.6994,2.04E-05,0.026444
23,0.52,6.7808,0.14748,191.44,268.12,5.9732,0.6592,0.9261,327.68,2.6989,2.04E-05,0.026446
23,0.53,6.9116,0.14468,191.42,268.1,5.9682,0.65923,0.92626,327.68,2.6984,2.04E-05,0.026449
23,0.54,7.0425,0.14199,191.4,268.07,5.9633,0.65925,0.92642,327.68,2.6978,2.04E-05,0.026451
23,0.55,7.1734,0.1394,191.38,268.05,5.9584,0.65928,0.92659,327.68,2.6973,2.05E-05,0.026454
23,0.56,7.3043,0.13691,191.36,268.02,5.9537,0.6593,0.92675,327.68,2.6968,2.05E-05,0.026456
23,0.57,7.4352,0.1345,191.34,268,5.949,0.65933,0.92691,327.68,2.6963,2.05E-05,0.026459
23,0.58,7.5661,0.13217,191.32,267.97,5.9444,0.65935,0.92707,327.69,2.6957,2.05E-05,0.026461
23,0.59,7.6971,0.12992,191.3,267.95,5.9399,0.65938,0.92723,327.69,2.6952,2.05E-05,0.026464
23,0.6,7.8281,0.12775,191.28,267.92,5.9355,0.6594,0.9274,327.69,2.6947,2.05E-05,0.026467
23,0.61,7.959,0.12564,191.26,267.9,5.9311,0.65943,0.92756,327.69,2.6942,2.05E-05,0.026469
23,0.62,8.09,0.12361,191.24,267.87,5.9268,0.65945,0.92772,327.69,2.6936,2.05E-05,0.026472
23,0.63,8.2211,0.12164,191.22,267.85,5.9226,0.65948,0.92788,327.69,2.6931,2.05E-05,0.026474
23,0.64,8.3521,0.11973,191.2,267.82,5.9184,0.6595,0.92805,327.69,2.6926,2.05E-05,0.026477
23,0.65,8.4831,0.11788,191.18,267.8,5.9143,0.65953,0.92821,327.7,2.6921,2.05E-05,0.026479
23,0.66,8.6142,0.11609,191.16,267.77,5.9103,0.65955,0.92837,327.7,2.6915,2.05E-05,0.026482
23,0.67,8.7453,0.11435,191.14,267.75,5.9063,0.65958,0.92854,327.7,2.691,2.05E-05,0.026485
23,0.68,8.8764,0.11266,191.12,267.72,5.9024,0.6596,0.9287,327.7,2.6905,2.05E-05,0.026487
23,0.69,9.0075,0.11102,191.1,267.7,5.8985,0.65963,0.92886,327.7,2.6899,2.05E-05,0.02649
23,0.7,9.1387,0.10943,191.08,267.67,5.8947,0.65965,0.92902,327.7,2.6894,2.05E-05,0.026492
23,0.71,9.2698,0.10788,191.06,267.65,5.891,0.65968,0.92919,327.7,2.6889,2.05E-05,0.026495
23,0.72,9.401,0.10637,191.04,267.62,5.8873,0.6597,0.92935,327.71,2.6884,2.05E-05,0.026498
23,0.73,9.5322,0.10491,191.02,267.6,5.8836,0.65973,0.92951,327.71,2.6878,2.05E-05,0.0265
23,0.74,9.6634,0.10348,191,267.57,5.88,0.65975,0.92968,327.71,2.6873,2.05E-05,0.026503
23,0.75,9.7946,0.1021,190.98,267.55,5.8765,0.65978,0.92984,327.71,2.6868,2.05E-05,0.026506
23,0.76,9.9258,0.10075,190.96,267.52,5.873,0.6598,0.93,327.71,2.6862,2.05E-05,0.026508
23,0.77,10.057,0.099432,190.94,267.5,5.8695,0.65983,0.93017,327.71,2.6857,2.05E-05,0.026511
23,0.78,10.188,0.098151,190.92,267.47,5.8661,0.65985,0.93033,327.72,2.6852,2.05E-05,0.026514
23,0.79,10.32,0.096903,190.9,267.45,5.8627,0.65988,0.93049,327.72,2.6846,2.05E-05,0.026516
23,0.8,10.451,0.095685,190.88,267.42,5.8594,0.6599,0.93066,327.72,2.6841,2.05E-05,0.026519
23,0.81,10.582,0.094498,190.86,267.4,5.8561,0.65993,0.93082,327.72,2.6836,2.05E-05,0.026522
23,0.82,10.714,0.093339,190.84,267.37,5.8528,0.65995,0.93098,327.72,2.683,2.05E-05,0.026524
23,0.83,10.845,0.092209,190.82,267.35,5.8496,0.65998,0.93115,327.72,2.6825,2.05E-05,0.026527
23,0.84,10.976,0.091105,190.8,267.32,5.8464,0.66,0.93131,327.73,2.682,2.05E-05,0.02653
23,0.85,11.108,0.090028,190.78,267.3,5.8433,0.66003,0.93147,327.73,2.6814,2.05E-05,0.026533
23,0.86,11.239,0.088975,190.76,267.27,5.8402,0.66005,0.93164,327.73,2.6809,2.05E-05,0.026535
23,0.87,11.371,0.087947,190.74,267.25,5.8371,0.66008,0.9318,327.73,2.6804,2.05E-05,0.026538
23,0.88,11.502,0.086942,190.72,267.22,5.8341,0.6601,0.93196,327.73,2.6798,2.05E-05,0.026541
23,0.89,11.633,0.085959,190.7,267.2,5.8311,0.66013,0.93213,327.74,2.6793,2.05E-05,0.026543
23,0.9,11.765,0.084999,190.68,267.17,5.8281,0.66015,0.93229,327.74,2.6788,2.05E-05,0.026546
23,0.91,11.896,0.084059,190.66,267.15,5.8252,0.66018,0.93245,327.74,2.6782,2.05E-05,0.026549
23,0.92,12.028,0.08314,190.64,267.12,5.8222,0.6602,0.93262,327.74,2.6777,2.05E-05,0.026552
23,0.93,12.159,0.082241,190.62,267.1,5.8194,0.66023,0.93278,327.74,2.6772,2.05E-05,0.026554
23,0.94,12.291,0.081361,190.6,267.07,5.8165,0.66025,0.93295,327.75,2.6766,2.05E-05,0.026557
23,0.95,12.422,0.080499,190.58,267.05,5.8137,0.66028,0.93311,327.75,2.6761,2.05E-05,0.02656
23,0.96,12.554,0.079656,190.56,267.02,5.8109,0.6603,0.93327,327.75,2.6755,2.05E-05,0.026563
23,0.97,12.686,0.078829,190.54,267,5.8082,0.66033,0.93344,327.75,2.675,2.05E-05,0.026566
23,0.98,12.817,0.07802,190.52,266.98,5.8054,0.66035,0.9336,327.75,2.6745,2.06E-05,0.026568
23,0.99,12.949,0.077227,190.5,266.95,5.8027,0.66038,0.93377,327.75,2.6739,2.06E-05,0.026571
23,1,13.081,0.07645,190.48,266.93,5.8,0.6604,0.93393,327.76,2.6734,2.06E-05,0.026574
24,0.01,0.12953,7.7204,193.11,270.32,7.0064,0.65807,0.91804,328.17,2.7074,2.04E-05,0.026408
24,0.02,0.25907,3.86,193.09,270.29,6.8262,0.6581,0.9182,328.17,2.7069,2.04E-05,0.02641
24,0.03,0.38863,2.5731,193.07,270.27,6.7208,0.65812,0.91836,328.17,2.7064,2.04E-05,0.026412
24,0.04,0.51821,1.9297,193.05,270.24,6.646,0.65815,0.91851,328.17,2.7059,2.04E-05,0.026414
24,0.05,0.6478,1.5437,193.03,270.22,6.5879,0.65817,0.91867,328.17,2.7054,2.04E-05,0.026416
24,0.06,0.77741,1.2863,193.01,270.19,6.5405,0.6582,0.91883,328.18,2.7049,2.04E-05,0.026418
24,0.07,0.90704,1.1025,192.99,270.17,6.5004,0.65822,0.91899,328.18,2.7044,2.04E-05,0.026421
24,0.08,1.0367,0.96462,192.97,270.14,6.4656,0.65825,0.91915,328.18,2.7039,2.04E-05,0.026423
24,0.09,1.1663,0.85738,192.95,270.12,6.4349,0.65827,0.91931,328.18,2.7034,2.04E-05,0.026425
24,0.1,1.296,0.77159,192.93,270.09,6.4075,0.6583,0.91947,328.18,2.7029,2.04E-05,0.026427
24,0.11,1.4257,0.7014,192.91,270.07,6.3827,0.65832,0.91963,328.18,2.7023,2.04E-05,0.026429
24,0.12,1.5554,0.64291,192.89,270.04,6.36,0.65835,0.91978,328.18,2.7018,2.04E-05,0.026432
24,0.13,1.6852,0.59342,192.87,270.02,6.3391,0.65837,0.91994,328.18,2.7013,2.04E-05,0.026434
24,0.14,1.8149,0.55099,192.86,269.99,6.3198,0.6584,0.9201,328.18,2.7008,2.04E-05,0.026436
24,0.15,1.9447,0.51423,192.84,269.97,6.3018,0.65842,0.92026,328.18,2.7003,2.04E-05,0.026438
24,0.16,2.0744,0.48206,192.82,269.94,6.285,0.65845,0.92042,328.18,2.6998,2.04E-05,0.026441
24,0.17,2.2042,0.45367,192.8,269.92,6.2692,0.65847,0.92058,328.19,2.6993,2.04E-05,0.026443
24,0.18,2.334,0.42844,192.78,269.89,6.2542,0.6585,0.92074,328.19,2.6988,2.04E-05,0.026445
24,0.19,2.4639,0.40586,192.76,269.87,6.2401,0.65852,0.9209,328.19,2.6983,2.04E-05,0.026448
24,0.2,2.5937,0.38555,192.74,269.85,6.2267,0.65855,0.92106,328.19,2.6978,2.04E-05,0.02645
24,0.21,2.7236,0.36716,192.72,269.82,6.214,0.65857,0.92122,328.19,2.6972,2.04E-05,0.026452
24,0.22,2.8535,0.35045,192.7,269.8,6.2018,0.6586,0.92138,328.19,2.6967,2.04E-05,0.026454
24,0.23,2.9834,0.33519,192.68,269.77,6.1902,0.65862,0.92154,328.19,2.6962,2.04E-05,0.026457
24,0.24,3.1133,0.32121,192.66,269.75,6.1791,0.65865,0.9217,328.19,2.6957,2.04E-05,0.026459
24,0.25,3.2432,0.30834,192.64,269.72,6.1684,0.65867,0.92186,328.19,2.6952,2.04E-05,0.026461
24,0.26,3.3731,0.29646,192.62,269.7,6.1582,0.6587,0.92202,328.19,2.6947,2.04E-05,0.026464
24,0.27,3.5031,0.28546,192.6,269.67,6.1483,0.65872,0.92217,328.2,2.6942,2.04E-05,0.026466
24,0.28,3.6331,0.27525,192.58,269.65,6.1388,0.65875,0.92233,328.2,2.6937,2.04E-05,0.026468
24,0.29,3.7631,0.26574,192.56,269.62,6.1296,0.65877,0.92249,328.2,2.6931,2.04E-05,0.026471
24,0.3,3.8931,0.25686,192.54,269.6,6.1207,0.6588,0.92265,328.2,2.6926,2.04E-05,0.026473
24,0.31,4.0231,0.24856,192.52,269.57,6.1121,0.65882,0.92281,328.2,2.6921,2.05E-05,0.026475
24,0.32,4.1532,0.24078,192.5,269.55,6.1038,0.65884,0.92297,328.2,2.6916,2.05E-05,0.026478
24,0.33,4.2832,0.23347,192.48,269.52,6.0957,0.65887,0.92313,328.2,2.6911,2.05E-05,0.02648
24,0.34,4.4133,0.22659,192.46,269.5,6.0879,0.65889,0.92329,328.2,2.6906,2.05E-05,0.026483
24,0.35,4.5434,0.2201,192.44,269.47,6.0803,0.65892,0.92345,328.21,2.6901,2.05E-05,0.026485
24,0.36,4.6735,0.21397,192.42,269.45,6.0729,0.65894,0.92361,328.21,2.6895,2.05E-05,0.026487
24,0.37,4.8037,0.20817,192.4,269.42,6.0657,0.65897,0.92377,328.21,2.689,2.05E-05,0.02649
24,0.38,4.9338,0.20268,192.38,269.4,6.0587,0.65899,0.92393,328.21,2.6885,2.05E-05,0.026492
24,0.39,5.064,0.19747,192.36,269.37,6.0519,0.65902,0.92409,328.21,2.688,2.05E-05,0.026495
24,0.4,5.1941,0.19252,192.34,269.35,6.0453,0.65904,0.92425,328.21,2.6875,2.05E-05,0.026497
24,0.41,5.3243,0.18782,192.32,269.32,6.0388,0.65907,0.92441,328.21,2.6869,2.05E-05,0.026499
24,0.42,5.4545,0.18333,192.3,269.3,6.0325,0.65909,0.92457,328.21,2.6864,2.05E-05,0.026502
24,0.43,5.5848,0.17906,192.28,269.27,6.0263,0.65912,0.92473,328.22,2.6859,2.05E-05,0.026504
24,0.44,5.715,0.17498,192.26,269.25,6.0203,0.65914,0.9249,328.22,2.6854,2.05E-05,0.026507
24,0.45,5.8453,0.17108,192.24,269.22,6.0143,0.65917,0.92506,328.22,2.6849,2.05E-05,0.026509
24,0.46,5.9756,0.16735,192.22,269.2,6.0086,0.65919,0.92522,328.22,2.6844,2.05E-05,0.026512
24,0.47,6.1059,0.16378,192.2,269.17,6.0029,0.65922,0.92538,328.22,2.6838,2.05E-05,0.026514
24,0.48,6.2362,0.16035,192.18,269.15,5.9974,0.65924,0.92554,328.22,2.6833,2.05E-05,0.026517
24,0.49,6.3665,0.15707,192.16,269.12,5.992,0.65927,0.9257,328.22,2.6828,2.05E-05,0.026519
24,0.5,6.4968,0.15392,192.14,269.1,5.9866,0.65929,0.92586,328.23,2.6823,2.05E-05,0.026521
24,0.51,6.6272,0.15089,192.12,269.08,5.9814,0.65932,0.92602,328.23,2.6818,2.05E-05,0.026524
24,0.52,6.7576,0.14798,192.1,269.05,5.9763,0.65934,0.92618,328.23,2.6812,2.05E-05,0.026526
24,0.53,6.888,0.14518,192.08,269.03,5.9713,0.65937,0.92634,328.23,2.6807,2.05E-05,0.026529
24,0.54,7.0184,0.14248,192.06,269,5.9664,0.65939,0.9265,328.23,2.6802,2.05E-05,0.026531
24,0.55,7.1488,0.13988,192.04,268.98,5.9615,0.65942,0.92666,328.23,2.6797,2.05E-05,0.026534
24,0.56,7.2793,0.13738,192.02,268.95,5.9568,0.65944,0.92682,328.23,2.6791,2.05E-05,0.026536
24,0.57,7.4097,0.13496,192,268.93,5.9521,0.65947,0.92698,328.24,2.6786,2.05E-05,0.026539
24,0.58,7.5402,0.13262,191.98,268.9,5.9475,0.65949,0.92714,328.24,2.6781,2.05E-05,0.026542
24,0.59,7.6707,0.13037,191.96,268.88,5.943,0.65952,0.92731,328.24,2.6776,2.05E-05,0.026544
24,0.6,7.8012,0.12819,191.94,268.85,5.9386,0.65954,0.92747,328.24,2.677,2.05E-05,0.026547
24,0.61,7.9317,0.12608,191.92,268.83,5.9342,0.65957,0.92763,328.24,2.6765,2.05E-05,0.026549
24,0.62,8.0623,0.12403,191.9,268.8,5.9299,0.65959,0.92779,328.24,2.676,2.05E-05,0.026552
24,0.63,8.1928,0.12206,191.88,268.78,5.9257,0.65961,0.92795,328.25,2.6755,2.05E-05,0.026554
24,0.64,8.3234,0.12014,191.86,268.75,5.9216,0.65964,0.92811,328.25,2.6749,2.05E-05,0.026557
24,0.65,8.454,0.11829,191.84,268.73,5.9175,0.65966,0.92827,328.25,2.6744,2.05E-05,0.026559
24,0.66,8.5846,0.11649,191.82,268.7,5.9134,0.65969,0.92843,328.25,2.6739,2.05E-05,0.026562
24,0.67,8.7152,0.11474,191.8,268.68,5.9095,0.65971,0.9286,328.25,2.6734,2.05E-05,0.026565
24,0.68,8.8459,0.11305,191.78,268.65,5.9055,0.65974,0.92876,328.25,2.6728,2.05E-05,0.026567
24,0.69,8.9765,0.1114,191.76,268.63,5.9017,0.65976,0.92892,328.26,2.6723,2.05E-05,0.02657
24,0.7,9.1072,0.1098,191.74,268.6,5.8979,0.65979,0.92908,328.26,2.6718,2.05E-05,0.026572
24,0.71,9.2379,0.10825,191.72,268.58,5.8941,0.65981,0.92924,328.26,2.6713,2.05E-05,0.026575
24,0.72,9.3686,0.10674,191.7,268.55,5.8904,0.65984,0.9294,328.26,2.6707,2.05E-05,0.026578
24,0.73,9.4993,0.10527,191.68,268.53,5.8868,0.65986,0.92956,328.26,2.6702,2.05E-05,0.02658
24,0.74,9.6301,0.10384,191.66,268.5,5.8832,0.65989,0.92973,328.26,2.6697,2.05E-05,0.026583
24,0.75,9.7608,0.10245,191.64,268.48,5.8796,0.65991,0.92989,328.27,2.6692,2.06E-05,0.026586
24,0.76,9.8916,0.1011,191.62,268.45,5.8761,0.65994,0.93005,328.27,2.6686,2.06E-05,0.026588
24,0.77,10.022,0.099777,191.6,268.43,5.8726,0.65996,0.93021,328.27,2.6681,2.06E-05,0.026591
24,0.78,10.153,0.098491,191.58,268.4,5.8692,0.65999,0.93037,328.27,2.6676,2.06E-05,0.026594
24,0.79,10.284,0.097238,191.56,268.38,5.8658,0.66001,0.93054,328.27,2.667,2.06E-05,0.026596
24,0.8,10.415,0.096017,191.54,268.36,5.8625,0.66004,0.9307,328.28,2.6665,2.06E-05,0.026599
24,0.81,10.546,0.094825,191.52,268.33,5.8592,0.66006,0.93086,328.28,2.666,2.06E-05,0.026602
24,0.82,10.677,0.093663,191.5,268.31,5.856,0.66009,0.93102,328.28,2.6654,2.06E-05,0.026604
24,0.83,10.807,0.092529,191.48,268.28,5.8527,0.66011,0.93118,328.28,2.6649,2.06E-05,0.026607
24,0.84,10.938,0.091421,191.46,268.26,5.8496,0.66014,0.93135,328.28,2.6644,2.06E-05,0.02661
24,0.85,11.069,0.09034,191.44,268.23,5.8464,0.66016,0.93151,328.29,2.6639,2.06E-05,0.026612
24,0.86,11.2,0.089284,191.42,268.21,5.8433,0.66018,0.93167,328.29,2.6633,2.06E-05,0.026615
24,0.87,11.331,0.088252,191.4,268.18,5.8402,0.66021,0.93183,328.29,2.6628,2.06E-05,0.026618
24,0.88,11.462,0.087244,191.38,268.16,5.8372,0.66023,0.93199,328.29,2.6623,2.06E-05,0.02662
24,0.89,11.593,0.086258,191.36,268.13,5.8342,0.66026,0.93216,328.29,2.6617,2.06E-05,0.026623
24,0.9,11.724,0.085294,191.34,268.11,5.8312,0.66028,0.93232,328.3,2.6612,2.06E-05,0.026626
24,0.91,11.855,0.084351,191.32,268.08,5.8283,0.66031,0.93248,328.3,2.6607,2.06E-05,0.026629
24,0.92,11.986,0.083429,191.3,268.06,5.8254,0.66033,0.93264,328.3,2.6601,2.06E-05,0.026631
24,0.93,12.117,0.082527,191.28,268.03,5.8225,0.66036,0.93281,328.3,2.6596,2.06E-05,0.026634
24,0.94,12.248,0.081644,191.26,268.01,5.8197,0.66038,0.93297,328.3,2.6591,2.06E-05,0.026637
24,0.95,12.379,0.080779,191.24,267.98,5.8169,0.66041,0.93313,328.31,2.6585,2.06E-05,0.02664
24,0.96,12.51,0.079933,191.22,267.96,5.8141,0.66043,0.93329,328.31,2.658,2.06E-05,0.026642
24,0.97,12.642,0.079104,191.2,267.93,5.8113,0.66046,0.93346,328.31,2.6574,2.06E-05,0.026645
24,0.98,12.773,0.078292,191.18,267.91,5.8086,0.66048,0.93362,328.31,2.6569,2.06E-05,0.026648
24,0.99,12.904,0.077496,191.16,267.88,5.8059,0.66051,0.93378,328.31,2.6564,2.06E-05,0.026651
24,1,13.035,0.076716,191.14,267.86,5.8032,0.66053,0.93394,328.32,2.6558,2.06E-05,0.026654
25,0.01,0.12909,7.7464,193.77,271.24,7.0095,0.65822,0.91819,328.71,2.6898,2.04E-05,0.026488
25,0.02,0.2582,3.873,193.75,271.21,6.8293,0.65825,0.91835,328.71,2.6893,2.04E-05,0.02649
25,0.03,0.38733,2.5818,193.73,271.19,6.7239,0.65827,0.9185,328.71,2.6888,2.04E-05,0.026493
25,0.04,0.51647,1.9362,193.71,271.16,6.6491,0.6583,0.91866,328.72,2.6883,2.04E-05,0.026495
25,0.05,0.64562,1.5489,193.69,271.14,6.591,0.65832,0.91882,328.72,2.6878,2.04E-05,0.026497
25,0.06,0.7748,1.2907,193.67,271.11,6.5436,0.65835,0.91898,328.72,2.6873,2.05E-05,0.026499
25,0.07,0.90399,1.1062,193.65,271.09,6.5035,0.65837,0.91913,328.72,2.6868,2.05E-05,0.026501
25,0.08,1.0332,0.96787,193.63,271.06,6.4687,0.6584,0.91929,328.72,2.6863,2.05E-05,0.026503
25,0.09,1.1624,0.86027,193.61,271.04,6.438,0.65842,0.91945,328.72,2.6857,2.05E-05,0.026506
25,0.1,1.2917,0.7742,193.59,271.01,6.4106,0.65845,0.91961,328.72,2.6852,2.05E-05,0.026508
25,0.11,1.4209,0.70377,193.57,270.99,6.3858,0.65847,0.91976,328.72,2.6847,2.05E-05,0.02651
25,0.12,1.5502,0.64508,193.55,270.96,6.3631,0.6585,0.91992,328.72,2.6842,2.05E-05,0.026512
25,0.13,1.6795,0.59542,193.53,270.94,6.3422,0.65852,0.92008,328.72,2.6837,2.05E-05,0.026515
25,0.14,1.8088,0.55286,193.51,270.91,6.3229,0.65854,0.92024,328.73,2.6832,2.05E-05,0.026517
25,0.15,1.9381,0.51597,193.49,270.89,6.3049,0.65857,0.92039,328.73,2.6827,2.05E-05,0.026519
25,0.16,2.0674,0.48369,193.48,270.87,6.2881,0.65859,0.92055,328.73,2.6822,2.05E-05,0.026521
25,0.17,2.1968,0.45521,193.46,270.84,6.2722,0.65862,0.92071,328.73,2.6817,2.05E-05,0.026524
25,0.18,2.3262,0.42989,193.44,270.82,6.2573,0.65864,0.92087,328.73,2.6812,2.05E-05,0.026526
25,0.19,2.4556,0.40724,193.42,270.79,6.2432,0.65867,0.92103,328.73,2.6807,2.05E-05,0.026528
25,0.2,2.585,0.38685,193.4,270.77,6.2298,0.65869,0.92118,328.73,2.6802,2.05E-05,0.02653
25,0.21,2.7144,0.36841,193.38,270.74,6.2171,0.65872,0.92134,328.73,2.6797,2.05E-05,0.026533
25,0.22,2.8438,0.35164,193.36,270.72,6.2049,0.65874,0.9215,328.74,2.6791,2.05E-05,0.026535
25,0.23,2.9733,0.33633,193.34,270.69,6.1933,0.65877,0.92166,328.74,2.6786,2.05E-05,0.026537
25,0.24,3.1027,0.32229,193.32,270.67,6.1822,0.65879,0.92182,328.74,2.6781,2.05E-05,0.02654
25,0.25,3.2322,0.30938,193.3,270.64,6.1715,0.65882,0.92197,328.74,2.6776,2.05E-05,0.026542
25,0.26,3.3617,0.29747,193.28,270.62,6.1613,0.65884,0.92213,328.74,2.6771,2.05E-05,0.026544
25,0.27,3.4913,0.28643,193.26,270.59,6.1514,0.65887,0.92229,328.74,2.6766,2.05E-05,0.026546
25,0.28,3.6208,0.27618,193.24,270.57,6.1419,0.65889,0.92245,328.74,2.6761,2.05E-05,0.026549
25,0.29,3.7503,0.26664,193.22,270.54,6.1327,0.65892,0.92261,328.74,2.6756,2.05E-05,0.026551
25,0.3,3.8799,0.25774,193.2,270.52,6.1238,0.65894,0.92277,328.75,2.6751,2.05E-05,0.026553
25,0.31,4.0095,0.24941,193.18,270.49,6.1152,0.65896,0.92292,328.75,2.6745,2.05E-05,0.026556
25,0.32,4.1391,0.2416,193.16,270.47,6.1069,0.65899,0.92308,328.75,2.674,2.05E-05,0.026558
25,0.33,4.2687,0.23426,193.14,270.45,6.0988,0.65901,0.92324,328.75,2.6735,2.05E-05,0.026561
25,0.34,4.3984,0.22736,193.12,270.42,6.091,0.65904,0.9234,328.75,2.673,2.05E-05,0.026563
25,0.35,4.528,0.22085,193.1,270.4,6.0834,0.65906,0.92356,328.75,2.6725,2.05E-05,0.026565
25,0.36,4.6577,0.2147,193.08,270.37,6.076,0.65909,0.92372,328.75,2.672,2.05E-05,0.026568
25,0.37,4.7873,0.20888,193.06,270.35,6.0688,0.65911,0.92388,328.76,2.6715,2.05E-05,0.02657
25,0.38,4.917,0.20337,193.04,270.32,6.0619,0.65914,0.92404,328.76,2.6709,2.05E-05,0.026572
25,0.39,5.0468,0.19815,193.02,270.3,6.055,0.65916,0.92419,328.76,2.6704,2.05E-05,0.026575
25,0.4,5.1765,0.19318,193,270.27,6.0484,0.65919,0.92435,328.76,2.6699,2.05E-05,0.026577
25,0.41,5.3062,0.18846,192.98,270.25,6.0419,0.65921,0.92451,328.76,2.6694,2.05E-05,0.02658
25,0.42,5.436,0.18396,192.96,270.22,6.0356,0.65924,0.92467,328.76,2.6689,2.05E-05,0.026582
25,0.43,5.5658,0.17967,192.94,270.2,6.0294,0.65926,0.92483,328.76,2.6684,2.05E-05,0.026584
25,0.44,5.6956,0.17557,192.92,270.17,6.0234,0.65928,0.92499,328.77,2.6679,2.05E-05,0.026587
25,0.45,5.8254,0.17166,192.9,270.15,6.0175,0.65931,0.92515,328.77,2.6673,2.05E-05,0.026589
25,0.46,5.9552,0.16792,192.88,270.12,6.0117,0.65933,0.92531,328.77,2.6668,2.05E-05,0.026592
25,0.47,6.0851,0.16434,192.86,270.1,6.006,0.65936,0.92547,328.77,2.6663,2.05E-05,0.026594
25,0.48,6.2149,0.1609,192.84,270.08,6.0005,0.65938,0.92563,328.77,2.6658,2.05E-05,0.026597
25,0.49,6.3448,0.15761,192.82,270.05,5.9951,0.65941,0.92578,328.77,2.6653,2.05E-05,0.026599
25,0.5,6.4747,0.15445,192.8,270.03,5.9897,0.65943,0.92594,328.78,2.6647,2.05E-05,0.026602
25,0.51,6.6046,0.15141,192.78,270,5.9845,0.65946,0.9261,328.78,2.6642,2.06E-05,0.026604
25,0.52,6.7345,0.14849,192.76,269.98,5.9794,0.65948,0.92626,328.78,2.6637,2.06E-05,0.026607
25,0.53,6.8645,0.14568,192.74,269.95,5.9744,0.65951,0.92642,328.78,2.6632,2.06E-05,0.026609
25,0.54,6.9944,0.14297,192.72,269.93,5.9695,0.65953,0.92658,328.78,2.6627,2.06E-05,0.026612
25,0.55,7.1244,0.14036,192.7,269.9,5.9647,0.65956,0.92674,328.78,2.6621,2.06E-05,0.026614
25,0.56,7.2544,0.13785,192.68,269.88,5.9599,0.65958,0.9269,328.79,2.6616,2.06E-05,0.026617
25,0.57,7.3844,0.13542,192.66,269.85,5.9552,0.6596,0.92706,328.79,2.6611,2.06E-05,0.026619
25,0.58,7.5144,0.13308,192.64,269.83,5.9507,0.65963,0.92722,328.79,2.6606,2.06E-05,0.026622
25,0.59,7.6445,0.13081,192.62,269.8,5.9461,0.65965,0.92738,328.79,2.6601,2.06E-05,0.026624
25,0.6,7.7745,0.12863,192.6,269.78,5.9417,0.65968,0.92754,328.79,2.6595,2.06E-05,0.026627
25,0.61,7.9046,0.12651,192.58,269.75,5.9374,0.6597,0.9277,328.79,2.659,2.06E-05,0.026629
25,0.62,8.0347,0.12446,192.56,269.73,5.9331,0.65973,0.92786,328.8,2.6585,2.06E-05,0.026632
25,0.63,8.1648,0.12248,192.54,269.71,5.9288,0.65975,0.92802,328.8,2.658,2.06E-05,0.026634
25,0.64,8.2949,0.12056,192.52,269.68,5.9247,0.65978,0.92818,328.8,2.6575,2.06E-05,0.026637
25,0.65,8.4251,0.11869,192.51,269.66,5.9206,0.6598,0.92834,328.8,2.6569,2.06E-05,0.026639
25,0.66,8.5552,0.11689,192.49,269.63,5.9166,0.65983,0.9285,328.8,2.6564,2.06E-05,0.026642
25,0.67,8.6854,0.11514,192.47,269.61,5.9126,0.65985,0.92866,328.81,2.6559,2.06E-05,0.026645
25,0.68,8.8156,0.11344,192.45,269.58,5.9087,0.65988,0.92882,328.81,2.6554,2.06E-05,0.026647
25,0.69,8.9458,0.11178,192.43,269.56,5.9048,0.6599,0.92898,328.81,2.6548,2.06E-05,0.02665
25,0.7,9.076,0.11018,192.41,269.53,5.901,0.65992,0.92914,328.81,2.6543,2.06E-05,0.026652
25,0.71,9.2062,0.10862,192.39,269.51,5.8972,0.65995,0.9293,328.81,2.6538,2.06E-05,0.026655
25,0.72,9.3365,0.10711,192.37,269.48,5.8935,0.65997,0.92946,328.81,2.6533,2.06E-05,0.026658
25,0.73,9.4667,0.10563,192.35,269.46,5.8899,0.66,0.92962,328.82,2.6527,2.06E-05,0.02666
25,0.74,9.597,0.1042,192.33,269.43,5.8863,0.66002,0.92978,328.82,2.6522,2.06E-05,0.026663
25,0.75,9.7273,0.1028,192.31,269.41,5.8827,0.66005,0.92994,328.82,2.6517,2.06E-05,0.026665
25,0.76,9.8576,0.10144,192.29,269.38,5.8792,0.66007,0.9301,328.82,2.6512,2.06E-05,0.026668
25,0.77,9.9879,0.10012,192.27,269.36,5.8758,0.6601,0.93026,328.82,2.6506,2.06E-05,0.026671
25,0.78,10.118,0.098831,192.25,269.34,5.8723,0.66012,0.93042,328.83,2.6501,2.06E-05,0.026673
25,0.79,10.249,0.097574,192.23,269.31,5.869,0.66015,0.93058,328.83,2.6496,2.06E-05,0.026676
25,0.8,10.379,0.096348,192.21,269.29,5.8656,0.66017,0.93074,328.83,2.6491,2.06E-05,0.026679
25,0.81,10.509,0.095153,192.19,269.26,5.8623,0.66019,0.9309,328.83,2.6485,2.06E-05,0.026681
25,0.82,10.64,0.093986,192.17,269.24,5.8591,0.66022,0.93106,328.83,2.648,2.06E-05,0.026684
25,0.83,10.77,0.092848,192.15,269.21,5.8559,0.66024,0.93122,328.84,2.6475,2.06E-05,0.026687
25,0.84,10.901,0.091737,192.13,269.19,5.8527,0.66027,0.93139,328.84,2.6469,2.06E-05,0.026689
25,0.85,11.031,0.090652,192.11,269.16,5.8496,0.66029,0.93155,328.84,2.6464,2.06E-05,0.026692
25,0.86,11.162,0.089593,192.09,269.14,5.8464,0.66032,0.93171,328.84,2.6459,2.06E-05,0.026695
25,0.87,11.292,0.088557,192.07,269.11,5.8434,0.66034,0.93187,328.85,2.6453,2.06E-05,0.026697
25,0.88,11.423,0.087546,192.05,269.09,5.8403,0.66037,0.93203,328.85,2.6448,2.06E-05,0.0267
25,0.89,11.553,0.086557,192.03,269.06,5.8373,0.66039,0.93219,328.85,2.6443,2.06E-05,0.026703
25,0.9,11.684,0.085589,192.01,269.04,5.8344,0.66042,0.93235,328.85,2.6438,2.06E-05,0.026706
25,0.91,11.814,0.084644,191.99,269.01,5.8314,0.66044,0.93251,328.85,2.6432,2.06E-05,0.026708
25,0.92,11.945,0.083718,191.97,268.99,5.8285,0.66046,0.93267,328.86,2.6427,2.06E-05,0.026711
25,0.93,12.075,0.082813,191.95,268.97,5.8257,0.66049,0.93283,328.86,2.6422,2.06E-05,0.026714
25,0.94,12.206,0.081927,191.93,268.94,5.8228,0.66051,0.93299,328.86,2.6416,2.06E-05,0.026716
25,0.95,12.337,0.08106,191.91,268.92,5.82,0.66054,0.93316,328.86,2.6411,2.07E-05,0.026719
25,0.96,12.467,0.08021,191.89,268.89,5.8172,0.66056,0.93332,328.87,2.6406,2.07E-05,0.026722
25,0.97,12.598,0.079378,191.87,268.87,5.8144,0.66059,0.93348,328.87,2.64,2.07E-05,0.026725
25,0.98,12.729,0.078564,191.85,268.84,5.8117,0.66061,0.93364,328.87,2.6395,2.07E-05,0.026728
25,0.99,12.859,0.077765,191.83,268.82,5.809,0.66064,0.9338,328.87,2.639,2.07E-05,0.02673
25,1,12.99,0.076983,191.81,268.79,5.8063,0.66066,0.93396,328.87,2.6384,2.07E-05,0.026733
26,0.01,0.12866,7.7724,194.43,272.15,7.0125,0.65838,0.91834,329.25,2.6723,2.05E-05,0.026569
26,0.02,0.25734,3.886,194.41,272.13,6.8324,0.6584,0.9185,329.25,2.6718,2.05E-05,0.026571
26,0.03,0.38603,2.5905,194.39,272.1,6.727,0.65842,0.91865,329.25,2.6713,2.05E-05,0.026573
26,0.04,0.51474,1.9427,194.37,272.08,6.6521,0.65845,0.91881,329.26,2.6708,2.05E-05,0.026575
26,0.05,0.64346,1.5541,194.35,272.06,6.5941,0.65847,0.91896,329.26,2.6703,2.05E-05,0.026577
26,0.06,0.7722,1.295,194.33,272.03,6.5467,0.6585,0.91912,329.26,2.6698,2.05E-05,0.02658
26,0.07,0.90096,1.1099,194.31,272.01,6.5065,0.65852,0.91928,329.26,2.6693,2.05E-05,0.026582
26,0.08,1.0297,0.97112,194.29,271.98,6.4718,0.65855,0.91943,329.26,2.6688,2.05E-05,0.026584
26,0.09,1.1585,0.86317,194.27,271.96,6.4411,0.65857,0.91959,329.26,2.6683,2.05E-05,0.026586
26,0.1,1.2873,0.7768,194.25,271.93,6.4137,0.6586,0.91975,329.26,2.6678,2.05E-05,0.026588
26,0.11,1.4162,0.70614,194.23,271.91,6.3888,0.65862,0.9199,329.26,2.6673,2.05E-05,0.026591
26,0.12,1.545,0.64725,194.21,271.88,6.3662,0.65865,0.92006,329.27,2.6668,2.05E-05,0.026593
26,0.13,1.6738,0.59743,194.19,271.86,6.3453,0.65867,0.92021,329.27,2.6663,2.05E-05,0.026595
26,0.14,1.8027,0.55472,194.17,271.83,6.326,0.65869,0.92037,329.27,2.6657,2.05E-05,0.026597
26,0.15,1.9316,0.51771,194.15,271.81,6.308,0.65872,0.92053,329.27,2.6652,2.05E-05,0.0266
26,0.16,2.0605,0.48532,194.13,271.79,6.2911,0.65874,0.92068,329.27,2.6647,2.05E-05,0.026602
26,0.17,2.1894,0.45674,194.12,271.76,6.2753,0.65877,0.92084,329.27,2.6642,2.05E-05,0.026604
26,0.18,2.3184,0.43134,194.1,271.74,6.2604,0.65879,0.921,329.27,2.6637,2.05E-05,0.026606
26,0.19,2.4473,0.40861,194.08,271.71,6.2463,0.65882,0.92115,329.27,2.6632,2.05E-05,0.026609
26,0.2,2.5763,0.38816,194.06,271.69,6.2329,0.65884,0.92131,329.28,2.6627,2.05E-05,0.026611
26,0.21,2.7053,0.36965,194.04,271.66,6.2202,0.65887,0.92147,329.28,2.6622,2.05E-05,0.026613
26,0.22,2.8343,0.35283,194.02,271.64,6.208,0.65889,0.92162,329.28,2.6617,2.05E-05,0.026615
26,0.23,2.9633,0.33747,194,271.61,6.1964,0.65891,0.92178,329.28,2.6612,2.05E-05,0.026618
26,0.24,3.0923,0.32338,193.98,271.59,6.1853,0.65894,0.92194,329.28,2.6607,2.05E-05,0.02662
26,0.25,3.2213,0.31043,193.96,271.56,6.1746,0.65896,0.9221,329.28,2.6602,2.05E-05,0.026622
26,0.26,3.3504,0.29847,193.94,271.54,6.1643,0.65899,0.92225,329.28,2.6597,2.06E-05,0.026625
26,0.27,3.4795,0.2874,193.92,271.52,6.1545,0.65901,0.92241,329.29,2.6592,2.06E-05,0.026627
26,0.28,3.6086,0.27712,193.9,271.49,6.145,0.65904,0.92257,329.29,2.6586,2.06E-05,0.026629
26,0.29,3.7377,0.26754,193.88,271.47,6.1358,0.65906,0.92272,329.29,2.6581,2.06E-05,0.026632
26,0.3,3.8668,0.25861,193.86,271.44,6.1269,0.65909,0.92288,329.29,2.6576,2.06E-05,0.026634
26,0.31,3.996,0.25025,193.84,271.42,6.1183,0.65911,0.92304,329.29,2.6571,2.06E-05,0.026636
26,0.32,4.1251,0.24242,193.82,271.39,6.11,0.65913,0.92319,329.29,2.6566,2.06E-05,0.026639
26,0.33,4.2543,0.23506,193.8,271.37,6.1019,0.65916,0.92335,329.3,2.6561,2.06E-05,0.026641
26,0.34,4.3835,0.22813,193.78,271.34,6.0941,0.65918,0.92351,329.3,2.6556,2.06E-05,0.026643
26,0.35,4.5127,0.2216,193.76,271.32,6.0865,0.65921,0.92367,329.3,2.6551,2.06E-05,0.026646
26,0.36,4.6419,0.21543,193.74,271.3,6.0791,0.65923,0.92382,329.3,2.6546,2.06E-05,0.026648
26,0.37,4.7712,0.20959,193.72,271.27,6.0719,0.65926,0.92398,329.3,2.654,2.06E-05,0.02665
26,0.38,4.9004,0.20406,193.7,271.25,6.0649,0.65928,0.92414,329.3,2.6535,2.06E-05,0.026653
26,0.39,5.0297,0.19882,193.68,271.22,6.0581,0.65931,0.9243,329.31,2.653,2.06E-05,0.026655
26,0.4,5.159,0.19384,193.66,271.2,6.0515,0.65933,0.92445,329.31,2.6525,2.06E-05,0.026658
26,0.41,5.2883,0.1891,193.64,271.17,6.045,0.65935,0.92461,329.31,2.652,2.06E-05,0.02666
26,0.42,5.4176,0.18458,193.62,271.15,6.0387,0.65938,0.92477,329.31,2.6515,2.06E-05,0.026662
26,0.43,5.5469,0.18028,193.6,271.12,6.0325,0.6594,0.92493,329.31,2.651,2.06E-05,0.026665
26,0.44,5.6763,0.17617,193.58,271.1,6.0265,0.65943,0.92509,329.31,2.6504,2.06E-05,0.026667
26,0.45,5.8056,0.17225,193.56,271.07,6.0206,0.65945,0.92524,329.32,2.6499,2.06E-05,0.02667
26,0.46,5.935,0.16849,193.54,271.05,6.0148,0.65948,0.9254,329.32,2.6494,2.06E-05,0.026672
26,0.47,6.0644,0.1649,193.52,271.03,6.0091,0.6595,0.92556,329.32,2.6489,2.06E-05,0.026674
26,0.48,6.1938,0.16145,193.5,271,6.0036,0.65953,0.92572,329.32,2.6484,2.06E-05,0.026677
26,0.49,6.3233,0.15815,193.48,270.98,5.9982,0.65955,0.92587,329.32,2.6479,2.06E-05,0.026679
26,0.5,6.4527,0.15497,193.47,270.95,5.9928,0.65957,0.92603,329.32,2.6474,2.06E-05,0.026682
26,0.51,6.5822,0.15193,193.45,270.93,5.9876,0.6596,0.92619,329.33,2.6468,2.06E-05,0.026684
26,0.52,6.7117,0.14899,193.43,270.9,5.9825,0.65962,0.92635,329.33,2.6463,2.06E-05,0.026687
26,0.53,6.8411,0.14617,193.41,270.88,5.9775,0.65965,0.92651,329.33,2.6458,2.06E-05,0.026689
26,0.54,6.9707,0.14346,193.39,270.85,5.9726,0.65967,0.92666,329.33,2.6453,2.06E-05,0.026692
26,0.55,7.1002,0.14084,193.37,270.83,5.9678,0.6597,0.92682,329.33,2.6448,2.06E-05,0.026694
26,0.56,7.2297,0.13832,193.35,270.8,5.963,0.65972,0.92698,329.34,2.6443,2.06E-05,0.026697
26,0.57,7.3593,0.13588,193.33,270.78,5.9583,0.65975,0.92714,329.34,2.6437,2.06E-05,0.026699
26,0.58,7.4889,0.13353,193.31,270.76,5.9538,0.65977,0.9273,329.34,2.6432,2.06E-05,0.026702
26,0.59,7.6184,0.13126,193.29,270.73,5.9493,0.65979,0.92746,329.34,2.6427,2.06E-05,0.026704
26,0.6,7.748,0.12906,193.27,270.71,5.9448,0.65982,0.92761,329.34,2.6422,2.06E-05,0.026707
26,0.61,7.8777,0.12694,193.25,270.68,5.9405,0.65984,0.92777,329.34,2.6417,2.06E-05,0.026709
26,0.62,8.0073,0.12489,193.23,270.66,5.9362,0.65987,0.92793,329.35,2.6411,2.06E-05,0.026712
26,0.63,8.137,0.1229,193.21,270.63,5.9319,0.65989,0.92809,329.35,2.6406,2.06E-05,0.026714
26,0.64,8.2666,0.12097,193.19,270.61,5.9278,0.65992,0.92825,329.35,2.6401,2.06E-05,0.026717
26,0.65,8.3963,0.1191,193.17,270.58,5.9237,0.65994,0.92841,329.35,2.6396,2.06E-05,0.026719
26,0.66,8.526,0.11729,193.15,270.56,5.9197,0.65996,0.92857,329.35,2.6391,2.06E-05,0.026722
26,0.67,8.6557,0.11553,193.13,270.54,5.9157,0.65999,0.92872,329.36,2.6385,2.06E-05,0.026725
26,0.68,8.7855,0.11382,193.11,270.51,5.9118,0.66001,0.92888,329.36,2.638,2.06E-05,0.026727
26,0.69,8.9152,0.11217,193.09,270.49,5.9079,0.66004,0.92904,329.36,2.6375,2.06E-05,0.02673
26,0.7,9.045,0.11056,193.07,270.46,5.9041,0.66006,0.9292,329.36,2.637,2.06E-05,0.026732
26,0.71,9.1747,0.10899,193.05,270.44,5.9004,0.66009,0.92936,329.36,2.6364,2.07E-05,0.026735
26,0.72,9.3045,0.10747,193.03,270.41,5.8967,0.66011,0.92952,329.37,2.6359,2.07E-05,0.026737
26,0.73,9.4343,0.106,193.01,270.39,5.893,0.66014,0.92968,329.37,2.6354,2.07E-05,0.02674
26,0.74,9.5642,0.10456,192.99,270.36,5.8894,0.66016,0.92984,329.37,2.6349,2.07E-05,0.026743
26,0.75,9.694,0.10316,192.97,270.34,5.8859,0.66018,0.93,329.37,2.6344,2.07E-05,0.026745
26,0.76,9.8239,0.10179,192.95,270.31,5.8823,0.66021,0.93015,329.38,2.6338,2.07E-05,0.026748
26,0.77,9.9537,0.10046,192.93,270.29,5.8789,0.66023,0.93031,329.38,2.6333,2.07E-05,0.026751
26,0.78,10.084,0.099171,192.91,270.27,5.8755,0.66026,0.93047,329.38,2.6328,2.07E-05,0.026753
26,0.79,10.214,0.097909,192.89,270.24,5.8721,0.66028,0.93063,329.38,2.6323,2.07E-05,0.026756
26,0.8,10.343,0.09668,192.87,270.22,5.8688,0.66031,0.93079,329.38,2.6317,2.07E-05,0.026758
26,0.81,10.473,0.09548,192.85,270.19,5.8655,0.66033,0.93095,329.39,2.6312,2.07E-05,0.026761
26,0.82,10.603,0.09431,192.83,270.17,5.8622,0.66035,0.93111,329.39,2.6307,2.07E-05,0.026764
26,0.83,10.733,0.093168,192.81,270.14,5.859,0.66038,0.93127,329.39,2.6302,2.07E-05,0.026766
26,0.84,10.863,0.092053,192.79,270.12,5.8558,0.6604,0.93143,329.39,2.6296,2.07E-05,0.026769
26,0.85,10.993,0.090965,192.77,270.09,5.8527,0.66043,0.93159,329.4,2.6291,2.07E-05,0.026772
26,0.86,11.123,0.089901,192.75,270.07,5.8496,0.66045,0.93175,329.4,2.6286,2.07E-05,0.026774
26,0.87,11.253,0.088863,192.73,270.05,5.8465,0.66048,0.93191,329.4,2.628,2.07E-05,0.026777
26,0.88,11.383,0.087847,192.72,270.02,5.8435,0.6605,0.93207,329.4,2.6275,2.07E-05,0.02678
26,0.89,11.513,0.086855,192.7,270,5.8405,0.66052,0.93223,329.41,2.627,2.07E-05,0.026783
26,0.9,11.644,0.085885,192.68,269.97,5.8375,0.66055,0.93239,329.41,2.6265,2.07E-05,0.026785
26,0.91,11.774,0.084936,192.66,269.95,5.8346,0.66057,0.93254,329.41,2.6259,2.07E-05,0.026788
26,0.92,11.904,0.084007,192.64,269.92,5.8316,0.6606,0.9327,329.41,2.6254,2.07E-05,0.026791
26,0.93,12.034,0.083099,192.62,269.9,5.8288,0.66062,0.93286,329.41,2.6249,2.07E-05,0.026793
26,0.94,12.164,0.08221,192.6,269.87,5.8259,0.66065,0.93302,329.42,2.6244,2.07E-05,0.026796
26,0.95,12.294,0.08134,192.58,269.85,5.8231,0.66067,0.93318,329.42,2.6238,2.07E-05,0.026799
26,0.96,12.424,0.080487,192.56,269.82,5.8203,0.66069,0.93334,329.42,2.6233,2.07E-05,0.026802
26,0.97,12.554,0.079653,192.54,269.8,5.8176,0.66072,0.9335,329.42,2.6228,2.07E-05,0.026804
26,0.98,12.685,0.078835,192.52,269.78,5.8148,0.66074,0.93366,329.43,2.6222,2.07E-05,0.026807
26,0.99,12.815,0.078034,192.5,269.75,5.8121,0.66077,0.93382,329.43,2.6217,2.07E-05,0.02681
26,1,12.945,0.077249,192.48,269.73,5.8095,0.66079,0.93398,329.43,2.6212,2.07E-05,0.026813